65,"{""action"":"""",""data"":{""meeting_id"":7,""uid"":65,""create_time"":""0001-01-01T00:00:00Z"",""unit_name"":""广大"",""name"":""宙斯"",""job"":""老师"",""mobile_phone"":""15555555555"",""email"":""777777777@qq.com"",""space"":""11号天桥""},""sets"":null,""orderBy"":"""",""filter"":"""",""page"":0,""pageSize"":0}","{""status"":0,""msg"":"""",""data"":null,""API"":""/addRecord"",""method"":""post"",""SN"":"""",""rowCount"":0}",78.024896ms
62,"{""action"":"""",""data"":{""meeting_id"":7,""uid"":62,""create_time"":""0001-01-01T00:00:00Z"",""unit_name"":""广大"",""name"":""宙斯"",""job"":""老师"",""mobile_phone"":""15555555555"",""email"":""777777777@qq.com"",""space"":""11号天桥""},""sets"":null,""orderBy"":"""",""filter"":"""",""page"":0,""pageSize"":0}","{""status"":0,""msg"":"""",""data"":null,""API"":""/addRecord"",""method"":""post"",""SN"":"""",""rowCount"":0}",106.126136ms
63,"{""action"":"""",""data"":{""meeting_id"":7,""uid"":63,""create_time"":""0001-01-01T00:00:00Z"",""unit_name"":""广大"",""name"":""宙斯"",""job"":""老师"",""mobile_phone"":""15555555555"",""email"":""777777777@qq.com"",""space"":""11号天桥""},""sets"":null,""orderBy"":"""",""filter"":"""",""page"":0,""pageSize"":0}","{""status"":0,""msg"":"""",""data"":null,""API"":""/addRecord"",""method"":""post"",""SN"":"""",""rowCount"":0}",115.795362ms
17,"{""action"":"""",""data"":{""meeting_id"":7,""uid"":17,""create_time"":""0001-01-01T00:00:00Z"",""unit_name"":""广大"",""name"":""宙斯"",""job"":""老师"",""mobile_phone"":""15555555555"",""email"":""777777777@qq.com"",""space"":""11号天桥""},""sets"":null,""orderBy"":"""",""filter"":"""",""page"":0,""pageSize"":0}","{""status"":0,""msg"":"""",""data"":null,""API"":""/addRecord"",""method"":""post"",""SN"":"""",""rowCount"":0}",124.400471ms
10,"{""action"":"""",""data"":{""meeting_id"":7,""uid"":10,""create_time"":""0001-01-01T00:00:00Z"",""unit_name"":""广大"",""name"":""宙斯"",""job"":""老师"",""mobile_phone"":""15555555555"",""email"":""777777777@qq.com"",""space"":""11号天桥""},""sets"":null,""orderBy"":"""",""filter"":"""",""page"":0,""pageSize"":0}","{""status"":0,""msg"":"""",""data"":null,""API"":""/addRecord"",""method"":""post"",""SN"":"""",""rowCount"":0}",140.229783ms
61,"{""action"":"""",""data"":{""meeting_id"":7,""uid"":61,""create_time"":""0001-01-01T00:00:00Z"",""unit_name"":""广大"",""name"":""宙斯"",""job"":""老师"",""mobile_phone"":""15555555555"",""email"":""777777777@qq.com"",""space"":""11号天桥""},""sets"":null,""orderBy"":"""",""filter"":"""",""page"":0,""pageSize"":0}","{""status"":0,""msg"":"""",""data"":null,""API"":""/addRecord"",""method"":""post"",""SN"":"""",""rowCount"":0}",139.937573ms
23,"{""action"":"""",""data"":{""meeting_id"":7,""uid"":23,""create_time"":""0001-01-01T00:00:00Z"",""unit_name"":""广大"",""name"":""宙斯"",""job"":""老师"",""mobile_phone"":""15555555555"",""email"":""777777777@qq.com"",""space"":""11号天桥""},""sets"":null,""orderBy"":"""",""filter"":"""",""page"":0,""pageSize"":0}","{""status"":0,""msg"":"""",""data"":null,""API"":""/addRecord"",""method"":""post"",""SN"":"""",""rowCount"":0}",139.667502ms
83,"{""action"":"""",""data"":{""meeting_id"":7,""uid"":83,""create_time"":""0001-01-01T00:00:00Z"",""unit_name"":""广大"",""name"":""宙斯"",""job"":""老师"",""mobile_phone"":""15555555555"",""email"":""777777777@qq.com"",""space"":""11号天桥""},""sets"":null,""orderBy"":"""",""filter"":"""",""page"":0,""pageSize"":0}","{""status"":0,""msg"":"""",""data"":null,""API"":""/addRecord"",""method"":""post"",""SN"":"""",""rowCount"":0}",137.404835ms
11,"{""action"":"""",""data"":{""meeting_id"":7,""uid"":11,""create_time"":""0001-01-01T00:00:00Z"",""unit_name"":""广大"",""name"":""宙斯"",""job"":""老师"",""mobile_phone"":""15555555555"",""email"":""777777777@qq.com"",""space"":""11号天桥""},""sets"":null,""orderBy"":"""",""filter"":"""",""page"":0,""pageSize"":0}","{""status"":0,""msg"":"""",""data"":null,""API"":""/addRecord"",""method"":""post"",""SN"":"""",""rowCount"":0}",140.471019ms
13,"{""action"":"""",""data"":{""meeting_id"":7,""uid"":13,""create_time"":""0001-01-01T00:00:00Z"",""unit_name"":""广大"",""name"":""宙斯"",""job"":""老师"",""mobile_phone"":""15555555555"",""email"":""777777777@qq.com"",""space"":""11号天桥""},""sets"":null,""orderBy"":"""",""filter"":"""",""page"":0,""pageSize"":0}","{""status"":0,""msg"":"""",""data"":null,""API"":""/addRecord"",""method"":""post"",""SN"":"""",""rowCount"":0}",140.668334ms
19,"{""action"":"""",""data"":{""meeting_id"":7,""uid"":19,""create_time"":""0001-01-01T00:00:00Z"",""unit_name"":""广大"",""name"":""宙斯"",""job"":""老师"",""mobile_phone"":""15555555555"",""email"":""777777777@qq.com"",""space"":""11号天桥""},""sets"":null,""orderBy"":"""",""filter"":"""",""page"":0,""pageSize"":0}","{""status"":0,""msg"":"""",""data"":null,""API"":""/addRecord"",""method"":""post"",""SN"":"""",""rowCount"":0}",140.665235ms
91,"{""action"":"""",""data"":{""meeting_id"":7,""uid"":91,""create_time"":""0001-01-01T00:00:00Z"",""unit_name"":""广大"",""name"":""宙斯"",""job"":""老师"",""mobile_phone"":""15555555555"",""email"":""777777777@qq.com"",""space"":""11号天桥""},""sets"":null,""orderBy"":"""",""filter"":"""",""page"":0,""pageSize"":0}","{""status"":0,""msg"":"""",""data"":null,""API"":""/addRecord"",""method"":""post"",""SN"":"""",""rowCount"":0}",136.614789ms
15,"{""action"":"""",""data"":{""meeting_id"":7,""uid"":15,""create_time"":""0001-01-01T00:00:00Z"",""unit_name"":""广大"",""name"":""宙斯"",""job"":""老师"",""mobile_phone"":""15555555555"",""email"":""777777777@qq.com"",""space"":""11号天桥""},""sets"":null,""orderBy"":"""",""filter"":"""",""page"":0,""pageSize"":0}","{""status"":0,""msg"":"""",""data"":null,""API"":""/addRecord"",""method"":""post"",""SN"":"""",""rowCount"":0}",140.824728ms
12,"{""action"":"""",""data"":{""meeting_id"":7,""uid"":12,""create_time"":""0001-01-01T00:00:00Z"",""unit_name"":""广大"",""name"":""宙斯"",""job"":""老师"",""mobile_phone"":""15555555555"",""email"":""777777777@qq.com"",""space"":""11号天桥""},""sets"":null,""orderBy"":"""",""filter"":"""",""page"":0,""pageSize"":0}","{""status"":0,""msg"":"""",""data"":null,""API"":""/addRecord"",""method"":""post"",""SN"":"""",""rowCount"":0}",141.024655ms
9,"{""action"":"""",""data"":{""meeting_id"":7,""uid"":9,""create_time"":""0001-01-01T00:00:00Z"",""unit_name"":""广大"",""name"":""宙斯"",""job"":""老师"",""mobile_phone"":""15555555555"",""email"":""777777777@qq.com"",""space"":""11号天桥""},""sets"":null,""orderBy"":"""",""filter"":"""",""page"":0,""pageSize"":0}","{""status"":0,""msg"":"""",""data"":null,""API"":""/addRecord"",""method"":""post"",""SN"":"""",""rowCount"":0}",141.337842ms
18,"{""action"":"""",""data"":{""meeting_id"":7,""uid"":18,""create_time"":""0001-01-01T00:00:00Z"",""unit_name"":""广大"",""name"":""宙斯"",""job"":""老师"",""mobile_phone"":""15555555555"",""email"":""777777777@qq.com"",""space"":""11号天桥""},""sets"":null,""orderBy"":"""",""filter"":"""",""page"":0,""pageSize"":0}","{""status"":0,""msg"":"""",""data"":null,""API"":""/addRecord"",""method"":""post"",""SN"":"""",""rowCount"":0}",142.758079ms
8,"{""action"":"""",""data"":{""meeting_id"":7,""uid"":8,""create_time"":""0001-01-01T00:00:00Z"",""unit_name"":""广大"",""name"":""宙斯"",""job"":""老师"",""mobile_phone"":""15555555555"",""email"":""777777777@qq.com"",""space"":""11号天桥""},""sets"":null,""orderBy"":"""",""filter"":"""",""page"":0,""pageSize"":0}","{""status"":0,""msg"":"""",""data"":null,""API"":""/addRecord"",""method"":""post"",""SN"":"""",""rowCount"":0}",144.13516ms
82,"{""action"":"""",""data"":{""meeting_id"":7,""uid"":82,""create_time"":""0001-01-01T00:00:00Z"",""unit_name"":""广大"",""name"":""宙斯"",""job"":""老师"",""mobile_phone"":""15555555555"",""email"":""777777777@qq.com"",""space"":""11号天桥""},""sets"":null,""orderBy"":"""",""filter"":"""",""page"":0,""pageSize"":0}","{""status"":0,""msg"":"""",""data"":null,""API"":""/addRecord"",""method"":""post"",""SN"":"""",""rowCount"":0}",141.348607ms
67,"{""action"":"""",""data"":{""meeting_id"":7,""uid"":67,""create_time"":""0001-01-01T00:00:00Z"",""unit_name"":""广大"",""name"":""宙斯"",""job"":""老师"",""mobile_phone"":""15555555555"",""email"":""777777777@qq.com"",""space"":""11号天桥""},""sets"":null,""orderBy"":"""",""filter"":"""",""page"":0,""pageSize"":0}","{""status"":0,""msg"":"""",""data"":null,""API"":""/addRecord"",""method"":""post"",""SN"":"""",""rowCount"":0}",171.334636ms
2,"{""action"":"""",""data"":{""meeting_id"":7,""uid"":2,""create_time"":""0001-01-01T00:00:00Z"",""unit_name"":""广大"",""name"":""宙斯"",""job"":""老师"",""mobile_phone"":""15555555555"",""email"":""777777777@qq.com"",""space"":""11号天桥""},""sets"":null,""orderBy"":"""",""filter"":"""",""page"":0,""pageSize"":0}","{""status"":0,""msg"":"""",""data"":null,""API"":""/addRecord"",""method"":""post"",""SN"":"""",""rowCount"":0}",190.301726ms
24,"{""action"":"""",""data"":{""meeting_id"":7,""uid"":24,""create_time"":""0001-01-01T00:00:00Z"",""unit_name"":""广大"",""name"":""宙斯"",""job"":""老师"",""mobile_phone"":""15555555555"",""email"":""777777777@qq.com"",""space"":""11号天桥""},""sets"":null,""orderBy"":"""",""filter"":"""",""page"":0,""pageSize"":0}","{""status"":0,""msg"":"""",""data"":null,""API"":""/addRecord"",""method"":""post"",""SN"":"""",""rowCount"":0}",197.372612ms
84,"{""action"":"""",""data"":{""meeting_id"":7,""uid"":84,""create_time"":""0001-01-01T00:00:00Z"",""unit_name"":""广大"",""name"":""宙斯"",""job"":""老师"",""mobile_phone"":""15555555555"",""email"":""777777777@qq.com"",""space"":""11号天桥""},""sets"":null,""orderBy"":"""",""filter"":"""",""page"":0,""pageSize"":0}","{""status"":0,""msg"":"""",""data"":null,""API"":""/addRecord"",""method"":""post"",""SN"":"""",""rowCount"":0}",196.479166ms
85,"{""action"":"""",""data"":{""meeting_id"":7,""uid"":85,""create_time"":""0001-01-01T00:00:00Z"",""unit_name"":""广大"",""name"":""宙斯"",""job"":""老师"",""mobile_phone"":""15555555555"",""email"":""777777777@qq.com"",""space"":""11号天桥""},""sets"":null,""orderBy"":"""",""filter"":"""",""page"":0,""pageSize"":0}","{""status"":0,""msg"":"""",""data"":null,""API"":""/addRecord"",""method"":""post"",""SN"":"""",""rowCount"":0}",217.403359ms
68,"{""action"":"""",""data"":{""meeting_id"":7,""uid"":68,""create_time"":""0001-01-01T00:00:00Z"",""unit_name"":""广大"",""name"":""宙斯"",""job"":""老师"",""mobile_phone"":""15555555555"",""email"":""777777777@qq.com"",""space"":""11号天桥""},""sets"":null,""orderBy"":"""",""filter"":"""",""page"":0,""pageSize"":0}","{""status"":0,""msg"":"""",""data"":null,""API"":""/addRecord"",""method"":""post"",""SN"":"""",""rowCount"":0}",230.227121ms
14,"{""action"":"""",""data"":{""meeting_id"":7,""uid"":14,""create_time"":""0001-01-01T00:00:00Z"",""unit_name"":""广大"",""name"":""宙斯"",""job"":""老师"",""mobile_phone"":""15555555555"",""email"":""777777777@qq.com"",""space"":""11号天桥""},""sets"":null,""orderBy"":"""",""filter"":"""",""page"":0,""pageSize"":0}","{""status"":0,""msg"":"""",""data"":null,""API"":""/addRecord"",""method"":""post"",""SN"":"""",""rowCount"":0}",231.367416ms
64,"{""action"":"""",""data"":{""meeting_id"":7,""uid"":64,""create_time"":""0001-01-01T00:00:00Z"",""unit_name"":""广大"",""name"":""宙斯"",""job"":""老师"",""mobile_phone"":""15555555555"",""email"":""777777777@qq.com"",""space"":""11号天桥""},""sets"":null,""orderBy"":"""",""filter"":"""",""page"":0,""pageSize"":0}","{""status"":0,""msg"":"""",""data"":null,""API"":""/addRecord"",""method"":""post"",""SN"":"""",""rowCount"":0}",231.372523ms
89,"{""action"":"""",""data"":{""meeting_id"":7,""uid"":89,""create_time"":""0001-01-01T00:00:00Z"",""unit_name"":""广大"",""name"":""宙斯"",""job"":""老师"",""mobile_phone"":""15555555555"",""email"":""777777777@qq.com"",""space"":""11号天桥""},""sets"":null,""orderBy"":"""",""filter"":"""",""page"":0,""pageSize"":0}","{""status"":0,""msg"":"""",""data"":null,""API"":""/addRecord"",""method"":""post"",""SN"":"""",""rowCount"":0}",228.622561ms
79,"{""action"":"""",""data"":{""meeting_id"":7,""uid"":79,""create_time"":""0001-01-01T00:00:00Z"",""unit_name"":""广大"",""name"":""宙斯"",""job"":""老师"",""mobile_phone"":""15555555555"",""email"":""777777777@qq.com"",""space"":""11号天桥""},""sets"":null,""orderBy"":"""",""filter"":"""",""page"":0,""pageSize"":0}","{""status"":0,""msg"":"""",""data"":null,""API"":""/addRecord"",""method"":""post"",""SN"":"""",""rowCount"":0}",230.372487ms
25,"{""action"":"""",""data"":{""meeting_id"":7,""uid"":25,""create_time"":""0001-01-01T00:00:00Z"",""unit_name"":""广大"",""name"":""宙斯"",""job"":""老师"",""mobile_phone"":""15555555555"",""email"":""777777777@qq.com"",""space"":""11号天桥""},""sets"":null,""orderBy"":"""",""filter"":"""",""page"":0,""pageSize"":0}","{""status"":0,""msg"":"""",""data"":null,""API"":""/addRecord"",""method"":""post"",""SN"":"""",""rowCount"":0}",231.837224ms
33,"{""action"":"""",""data"":{""meeting_id"":7,""uid"":33,""create_time"":""0001-01-01T00:00:00Z"",""unit_name"":""广大"",""name"":""宙斯"",""job"":""老师"",""mobile_phone"":""15555555555"",""email"":""777777777@qq.com"",""space"":""11号天桥""},""sets"":null,""orderBy"":"""",""filter"":"""",""page"":0,""pageSize"":0}","{""status"":0,""msg"":"""",""data"":null,""API"":""/addRecord"",""method"":""post"",""SN"":"""",""rowCount"":0}",254.199975ms
29,"{""action"":"""",""data"":{""meeting_id"":7,""uid"":29,""create_time"":""0001-01-01T00:00:00Z"",""unit_name"":""广大"",""name"":""宙斯"",""job"":""老师"",""mobile_phone"":""15555555555"",""email"":""777777777@qq.com"",""space"":""11号天桥""},""sets"":null,""orderBy"":"""",""filter"":"""",""page"":0,""pageSize"":0}","{""status"":0,""msg"":"""",""data"":null,""API"":""/addRecord"",""method"":""post"",""SN"":"""",""rowCount"":0}",267.196126ms
72,"{""action"":"""",""data"":{""meeting_id"":7,""uid"":72,""create_time"":""0001-01-01T00:00:00Z"",""unit_name"":""广大"",""name"":""宙斯"",""job"":""老师"",""mobile_phone"":""15555555555"",""email"":""777777777@qq.com"",""space"":""11号天桥""},""sets"":null,""orderBy"":"""",""filter"":"""",""page"":0,""pageSize"":0}","{""status"":0,""msg"":"""",""data"":null,""API"":""/addRecord"",""method"":""post"",""SN"":"""",""rowCount"":0}",275.620843ms
74,"{""action"":"""",""data"":{""meeting_id"":7,""uid"":74,""create_time"":""0001-01-01T00:00:00Z"",""unit_name"":""广大"",""name"":""宙斯"",""job"":""老师"",""mobile_phone"":""15555555555"",""email"":""777777777@qq.com"",""space"":""11号天桥""},""sets"":null,""orderBy"":"""",""filter"":"""",""page"":0,""pageSize"":0}","{""status"":0,""msg"":"""",""data"":null,""API"":""/addRecord"",""method"":""post"",""SN"":"""",""rowCount"":0}",276.159683ms
90,"{""action"":"""",""data"":{""meeting_id"":7,""uid"":90,""create_time"":""0001-01-01T00:00:00Z"",""unit_name"":""广大"",""name"":""宙斯"",""job"":""老师"",""mobile_phone"":""15555555555"",""email"":""777777777@qq.com"",""space"":""11号天桥""},""sets"":null,""orderBy"":"""",""filter"":"""",""page"":0,""pageSize"":0}","{""status"":0,""msg"":"""",""data"":null,""API"":""/addRecord"",""method"":""post"",""SN"":"""",""rowCount"":0}",273.727723ms
92,"{""action"":"""",""data"":{""meeting_id"":7,""uid"":92,""create_time"":""0001-01-01T00:00:00Z"",""unit_name"":""广大"",""name"":""宙斯"",""job"":""老师"",""mobile_phone"":""15555555555"",""email"":""777777777@qq.com"",""space"":""11号天桥""},""sets"":null,""orderBy"":"""",""filter"":"""",""page"":0,""pageSize"":0}","{""status"":0,""msg"":"""",""data"":null,""API"":""/addRecord"",""method"":""post"",""SN"":"""",""rowCount"":0}",273.514649ms
94,"{""action"":"""",""data"":{""meeting_id"":7,""uid"":94,""create_time"":""0001-01-01T00:00:00Z"",""unit_name"":""广大"",""name"":""宙斯"",""job"":""老师"",""mobile_phone"":""15555555555"",""email"":""777777777@qq.com"",""space"":""11号天桥""},""sets"":null,""orderBy"":"""",""filter"":"""",""page"":0,""pageSize"":0}","{""status"":0,""msg"":"""",""data"":null,""API"":""/addRecord"",""method"":""post"",""SN"":"""",""rowCount"":0}",273.732525ms
97,"{""action"":"""",""data"":{""meeting_id"":7,""uid"":97,""create_time"":""0001-01-01T00:00:00Z"",""unit_name"":""广大"",""name"":""宙斯"",""job"":""老师"",""mobile_phone"":""15555555555"",""email"":""777777777@qq.com"",""space"":""11号天桥""},""sets"":null,""orderBy"":"""",""filter"":"""",""page"":0,""pageSize"":0}","{""status"":0,""msg"":"""",""data"":null,""API"":""/addRecord"",""method"":""post"",""SN"":"""",""rowCount"":0}",280.411202ms
93,"{""action"":"""",""data"":{""meeting_id"":7,""uid"":93,""create_time"":""0001-01-01T00:00:00Z"",""unit_name"":""广大"",""name"":""宙斯"",""job"":""老师"",""mobile_phone"":""15555555555"",""email"":""777777777@qq.com"",""space"":""11号天桥""},""sets"":null,""orderBy"":"""",""filter"":"""",""page"":0,""pageSize"":0}","{""status"":0,""msg"":"""",""data"":null,""API"":""/addRecord"",""method"":""post"",""SN"":"""",""rowCount"":0}",281.079144ms
27,"{""action"":"""",""data"":{""meeting_id"":7,""uid"":27,""create_time"":""0001-01-01T00:00:00Z"",""unit_name"":""广大"",""name"":""宙斯"",""job"":""老师"",""mobile_phone"":""15555555555"",""email"":""777777777@qq.com"",""space"":""11号天桥""},""sets"":null,""orderBy"":"""",""filter"":"""",""page"":0,""pageSize"":0}","{""status"":0,""msg"":"""",""data"":null,""API"":""/addRecord"",""method"":""post"",""SN"":"""",""rowCount"":0}",284.655948ms
75,"{""action"":"""",""data"":{""meeting_id"":7,""uid"":75,""create_time"":""0001-01-01T00:00:00Z"",""unit_name"":""广大"",""name"":""宙斯"",""job"":""老师"",""mobile_phone"":""15555555555"",""email"":""777777777@qq.com"",""space"":""11号天桥""},""sets"":null,""orderBy"":"""",""filter"":"""",""page"":0,""pageSize"":0}","{""status"":0,""msg"":"""",""data"":null,""API"":""/addRecord"",""method"":""post"",""SN"":"""",""rowCount"":0}",318.105065ms
73,"{""action"":"""",""data"":{""meeting_id"":7,""uid"":73,""create_time"":""0001-01-01T00:00:00Z"",""unit_name"":""广大"",""name"":""宙斯"",""job"":""老师"",""mobile_phone"":""15555555555"",""email"":""777777777@qq.com"",""space"":""11号天桥""},""sets"":null,""orderBy"":"""",""filter"":"""",""page"":0,""pageSize"":0}","{""status"":0,""msg"":"""",""data"":null,""API"":""/addRecord"",""method"":""post"",""SN"":"""",""rowCount"":0}",319.718ms
39,"{""action"":"""",""data"":{""meeting_id"":7,""uid"":39,""create_time"":""0001-01-01T00:00:00Z"",""unit_name"":""广大"",""name"":""宙斯"",""job"":""老师"",""mobile_phone"":""15555555555"",""email"":""777777777@qq.com"",""space"":""11号天桥""},""sets"":null,""orderBy"":"""",""filter"":"""",""page"":0,""pageSize"":0}","{""status"":0,""msg"":"""",""data"":null,""API"":""/addRecord"",""method"":""post"",""SN"":"""",""rowCount"":0}",336.21174ms
37,"{""action"":"""",""data"":{""meeting_id"":7,""uid"":37,""create_time"":""0001-01-01T00:00:00Z"",""unit_name"":""广大"",""name"":""宙斯"",""job"":""老师"",""mobile_phone"":""15555555555"",""email"":""777777777@qq.com"",""space"":""11号天桥""},""sets"":null,""orderBy"":"""",""filter"":"""",""page"":0,""pageSize"":0}","{""status"":0,""msg"":"""",""data"":null,""API"":""/addRecord"",""method"":""post"",""SN"":"""",""rowCount"":0}",344.297243ms
26,"{""action"":"""",""data"":{""meeting_id"":7,""uid"":26,""create_time"":""0001-01-01T00:00:00Z"",""unit_name"":""广大"",""name"":""宙斯"",""job"":""老师"",""mobile_phone"":""15555555555"",""email"":""777777777@qq.com"",""space"":""11号天桥""},""sets"":null,""orderBy"":"""",""filter"":"""",""page"":0,""pageSize"":0}","{""status"":0,""msg"":"""",""data"":null,""API"":""/addRecord"",""method"":""post"",""SN"":"""",""rowCount"":0}",372.754918ms
38,"{""action"":"""",""data"":{""meeting_id"":7,""uid"":38,""create_time"":""0001-01-01T00:00:00Z"",""unit_name"":""广大"",""name"":""宙斯"",""job"":""老师"",""mobile_phone"":""15555555555"",""email"":""777777777@qq.com"",""space"":""11号天桥""},""sets"":null,""orderBy"":"""",""filter"":"""",""page"":0,""pageSize"":0}","{""status"":0,""msg"":"""",""data"":null,""API"":""/addRecord"",""method"":""post"",""SN"":"""",""rowCount"":0}",380.541115ms
30,"{""action"":"""",""data"":{""meeting_id"":7,""uid"":30,""create_time"":""0001-01-01T00:00:00Z"",""unit_name"":""广大"",""name"":""宙斯"",""job"":""老师"",""mobile_phone"":""15555555555"",""email"":""777777777@qq.com"",""space"":""11号天桥""},""sets"":null,""orderBy"":"""",""filter"":"""",""page"":0,""pageSize"":0}","{""status"":0,""msg"":"""",""data"":null,""API"":""/addRecord"",""method"":""post"",""SN"":"""",""rowCount"":0}",394.888805ms
96,"{""action"":"""",""data"":{""meeting_id"":7,""uid"":96,""create_time"":""0001-01-01T00:00:00Z"",""unit_name"":""广大"",""name"":""宙斯"",""job"":""老师"",""mobile_phone"":""15555555555"",""email"":""777777777@qq.com"",""space"":""11号天桥""},""sets"":null,""orderBy"":"""",""filter"":"""",""page"":0,""pageSize"":0}","{""status"":0,""msg"":"""",""data"":null,""API"":""/addRecord"",""method"":""post"",""SN"":"""",""rowCount"":0}",419.719169ms
36,"{""action"":"""",""data"":{""meeting_id"":7,""uid"":36,""create_time"":""0001-01-01T00:00:00Z"",""unit_name"":""广大"",""name"":""宙斯"",""job"":""老师"",""mobile_phone"":""15555555555"",""email"":""777777777@qq.com"",""space"":""11号天桥""},""sets"":null,""orderBy"":"""",""filter"":"""",""page"":0,""pageSize"":0}","{""status"":0,""msg"":"""",""data"":null,""API"":""/addRecord"",""method"":""post"",""SN"":"""",""rowCount"":0}",419.577283ms
22,"{""action"":"""",""data"":{""meeting_id"":7,""uid"":22,""create_time"":""0001-01-01T00:00:00Z"",""unit_name"":""广大"",""name"":""宙斯"",""job"":""老师"",""mobile_phone"":""15555555555"",""email"":""777777777@qq.com"",""space"":""11号天桥""},""sets"":null,""orderBy"":"""",""filter"":"""",""page"":0,""pageSize"":0}","{""status"":0,""msg"":"""",""data"":null,""API"":""/addRecord"",""method"":""post"",""SN"":"""",""rowCount"":0}",424.461227ms
50,"{""action"":"""",""data"":{""meeting_id"":7,""uid"":50,""create_time"":""0001-01-01T00:00:00Z"",""unit_name"":""广大"",""name"":""宙斯"",""job"":""老师"",""mobile_phone"":""15555555555"",""email"":""777777777@qq.com"",""space"":""11号天桥""},""sets"":null,""orderBy"":"""",""filter"":"""",""page"":0,""pageSize"":0}","{""status"":0,""msg"":"""",""data"":null,""API"":""/addRecord"",""method"":""post"",""SN"":"""",""rowCount"":0}",448.506045ms
49,"{""action"":"""",""data"":{""meeting_id"":7,""uid"":49,""create_time"":""0001-01-01T00:00:00Z"",""unit_name"":""广大"",""name"":""宙斯"",""job"":""老师"",""mobile_phone"":""15555555555"",""email"":""777777777@qq.com"",""space"":""11号天桥""},""sets"":null,""orderBy"":"""",""filter"":"""",""page"":0,""pageSize"":0}","{""status"":0,""msg"":"""",""data"":null,""API"":""/addRecord"",""method"":""post"",""SN"":"""",""rowCount"":0}",459.737764ms
41,"{""action"":"""",""data"":{""meeting_id"":7,""uid"":41,""create_time"":""0001-01-01T00:00:00Z"",""unit_name"":""广大"",""name"":""宙斯"",""job"":""老师"",""mobile_phone"":""15555555555"",""email"":""777777777@qq.com"",""space"":""11号天桥""},""sets"":null,""orderBy"":"""",""filter"":"""",""page"":0,""pageSize"":0}","{""status"":0,""msg"":"""",""data"":null,""API"":""/addRecord"",""method"":""post"",""SN"":"""",""rowCount"":0}",462.737105ms
40,"{""action"":"""",""data"":{""meeting_id"":7,""uid"":40,""create_time"":""0001-01-01T00:00:00Z"",""unit_name"":""广大"",""name"":""宙斯"",""job"":""老师"",""mobile_phone"":""15555555555"",""email"":""777777777@qq.com"",""space"":""11号天桥""},""sets"":null,""orderBy"":"""",""filter"":"""",""page"":0,""pageSize"":0}","{""status"":0,""msg"":"""",""data"":null,""API"":""/addRecord"",""method"":""post"",""SN"":"""",""rowCount"":0}",480.482346ms
60,"{""action"":"""",""data"":{""meeting_id"":7,""uid"":60,""create_time"":""0001-01-01T00:00:00Z"",""unit_name"":""广大"",""name"":""宙斯"",""job"":""老师"",""mobile_phone"":""15555555555"",""email"":""777777777@qq.com"",""space"":""11号天桥""},""sets"":null,""orderBy"":"""",""filter"":"""",""page"":0,""pageSize"":0}","{""status"":0,""msg"":"""",""data"":null,""API"":""/addRecord"",""method"":""post"",""SN"":"""",""rowCount"":0}",495.027304ms
66,"{""action"":"""",""data"":{""meeting_id"":7,""uid"":66,""create_time"":""0001-01-01T00:00:00Z"",""unit_name"":""广大"",""name"":""宙斯"",""job"":""老师"",""mobile_phone"":""15555555555"",""email"":""777777777@qq.com"",""space"":""11号天桥""},""sets"":null,""orderBy"":"""",""filter"":"""",""page"":0,""pageSize"":0}","{""status"":0,""msg"":"""",""data"":null,""API"":""/addRecord"",""method"":""post"",""SN"":"""",""rowCount"":0}",503.617961ms
20,"{""action"":"""",""data"":{""meeting_id"":7,""uid"":20,""create_time"":""0001-01-01T00:00:00Z"",""unit_name"":""广大"",""name"":""宙斯"",""job"":""老师"",""mobile_phone"":""15555555555"",""email"":""777777777@qq.com"",""space"":""11号天桥""},""sets"":null,""orderBy"":"""",""filter"":"""",""page"":0,""pageSize"":0}","{""status"":0,""msg"":"""",""data"":null,""API"":""/addRecord"",""method"":""post"",""SN"":"""",""rowCount"":0}",514.148305ms
28,"{""action"":"""",""data"":{""meeting_id"":7,""uid"":28,""create_time"":""0001-01-01T00:00:00Z"",""unit_name"":""广大"",""name"":""宙斯"",""job"":""老师"",""mobile_phone"":""15555555555"",""email"":""777777777@qq.com"",""space"":""11号天桥""},""sets"":null,""orderBy"":"""",""filter"":"""",""page"":0,""pageSize"":0}","{""status"":0,""msg"":"""",""data"":null,""API"":""/addRecord"",""method"":""post"",""SN"":"""",""rowCount"":0}",528.36647ms
88,"{""action"":"""",""data"":{""meeting_id"":7,""uid"":88,""create_time"":""0001-01-01T00:00:00Z"",""unit_name"":""广大"",""name"":""宙斯"",""job"":""老师"",""mobile_phone"":""15555555555"",""email"":""777777777@qq.com"",""space"":""11号天桥""},""sets"":null,""orderBy"":"""",""filter"":"""",""page"":0,""pageSize"":0}","{""status"":0,""msg"":"""",""data"":null,""API"":""/addRecord"",""method"":""post"",""SN"":"""",""rowCount"":0}",527.004934ms
86,"{""action"":"""",""data"":{""meeting_id"":7,""uid"":86,""create_time"":""0001-01-01T00:00:00Z"",""unit_name"":""广大"",""name"":""宙斯"",""job"":""老师"",""mobile_phone"":""15555555555"",""email"":""777777777@qq.com"",""space"":""11号天桥""},""sets"":null,""orderBy"":"""",""filter"":"""",""page"":0,""pageSize"":0}","{""status"":0,""msg"":"""",""data"":null,""API"":""/addRecord"",""method"":""post"",""SN"":"""",""rowCount"":0}",527.414714ms
7,"{""action"":"""",""data"":{""meeting_id"":7,""uid"":7,""create_time"":""0001-01-01T00:00:00Z"",""unit_name"":""广大"",""name"":""宙斯"",""job"":""老师"",""mobile_phone"":""15555555555"",""email"":""777777777@qq.com"",""space"":""11号天桥""},""sets"":null,""orderBy"":"""",""filter"":"""",""page"":0,""pageSize"":0}","{""status"":0,""msg"":"""",""data"":null,""API"":""/addRecord"",""method"":""post"",""SN"":"""",""rowCount"":0}",531.759349ms
81,"{""action"":"""",""data"":{""meeting_id"":7,""uid"":81,""create_time"":""0001-01-01T00:00:00Z"",""unit_name"":""广大"",""name"":""宙斯"",""job"":""老师"",""mobile_phone"":""15555555555"",""email"":""777777777@qq.com"",""space"":""11号天桥""},""sets"":null,""orderBy"":"""",""filter"":"""",""page"":0,""pageSize"":0}","{""status"":0,""msg"":"""",""data"":null,""API"":""/addRecord"",""method"":""post"",""SN"":"""",""rowCount"":0}",528.917137ms
34,"{""action"":"""",""data"":{""meeting_id"":7,""uid"":34,""create_time"":""0001-01-01T00:00:00Z"",""unit_name"":""广大"",""name"":""宙斯"",""job"":""老师"",""mobile_phone"":""15555555555"",""email"":""777777777@qq.com"",""space"":""11号天桥""},""sets"":null,""orderBy"":"""",""filter"":"""",""page"":0,""pageSize"":0}","{""status"":0,""msg"":"""",""data"":null,""API"":""/addRecord"",""method"":""post"",""SN"":"""",""rowCount"":0}",527.044591ms
1,"{""action"":"""",""data"":{""meeting_id"":7,""uid"":1,""create_time"":""0001-01-01T00:00:00Z"",""unit_name"":""广大"",""name"":""宙斯"",""job"":""老师"",""mobile_phone"":""15555555555"",""email"":""777777777@qq.com"",""space"":""11号天桥""},""sets"":null,""orderBy"":"""",""filter"":"""",""page"":0,""pageSize"":0}","{""status"":0,""msg"":"""",""data"":null,""API"":""/addRecord"",""method"":""post"",""SN"":"""",""rowCount"":0}",541.53989ms
55,"{""action"":"""",""data"":{""meeting_id"":7,""uid"":55,""create_time"":""0001-01-01T00:00:00Z"",""unit_name"":""广大"",""name"":""宙斯"",""job"":""老师"",""mobile_phone"":""15555555555"",""email"":""777777777@qq.com"",""space"":""11号天桥""},""sets"":null,""orderBy"":"""",""filter"":"""",""page"":0,""pageSize"":0}","{""status"":0,""msg"":"""",""data"":null,""API"":""/addRecord"",""method"":""post"",""SN"":"""",""rowCount"":0}",534.724559ms
59,"{""action"":"""",""data"":{""meeting_id"":7,""uid"":59,""create_time"":""0001-01-01T00:00:00Z"",""unit_name"":""广大"",""name"":""宙斯"",""job"":""老师"",""mobile_phone"":""15555555555"",""email"":""777777777@qq.com"",""space"":""11号天桥""},""sets"":null,""orderBy"":"""",""filter"":"""",""page"":0,""pageSize"":0}","{""status"":0,""msg"":"""",""data"":null,""API"":""/addRecord"",""method"":""post"",""SN"":"""",""rowCount"":0}",544.466079ms
51,"{""action"":"""",""data"":{""meeting_id"":7,""uid"":51,""create_time"":""0001-01-01T00:00:00Z"",""unit_name"":""广大"",""name"":""宙斯"",""job"":""老师"",""mobile_phone"":""15555555555"",""email"":""777777777@qq.com"",""space"":""11号天桥""},""sets"":null,""orderBy"":"""",""filter"":"""",""page"":0,""pageSize"":0}","{""status"":0,""msg"":"""",""data"":null,""API"":""/addRecord"",""method"":""post"",""SN"":"""",""rowCount"":0}",548.261928ms
87,"{""action"":"""",""data"":{""meeting_id"":7,""uid"":87,""create_time"":""0001-01-01T00:00:00Z"",""unit_name"":""广大"",""name"":""宙斯"",""job"":""老师"",""mobile_phone"":""15555555555"",""email"":""777777777@qq.com"",""space"":""11号天桥""},""sets"":null,""orderBy"":"""",""filter"":"""",""page"":0,""pageSize"":0}","{""status"":0,""msg"":"""",""data"":null,""API"":""/addRecord"",""method"":""post"",""SN"":"""",""rowCount"":0}",565.816954ms
56,"{""action"":"""",""data"":{""meeting_id"":7,""uid"":56,""create_time"":""0001-01-01T00:00:00Z"",""unit_name"":""广大"",""name"":""宙斯"",""job"":""老师"",""mobile_phone"":""15555555555"",""email"":""777777777@qq.com"",""space"":""11号天桥""},""sets"":null,""orderBy"":"""",""filter"":"""",""page"":0,""pageSize"":0}","{""status"":0,""msg"":"""",""data"":null,""API"":""/addRecord"",""method"":""post"",""SN"":"""",""rowCount"":0}",579.69425ms
78,"{""action"":"""",""data"":{""meeting_id"":7,""uid"":78,""create_time"":""0001-01-01T00:00:00Z"",""unit_name"":""广大"",""name"":""宙斯"",""job"":""老师"",""mobile_phone"":""15555555555"",""email"":""777777777@qq.com"",""space"":""11号天桥""},""sets"":null,""orderBy"":"""",""filter"":"""",""page"":0,""pageSize"":0}","{""status"":0,""msg"":"""",""data"":null,""API"":""/addRecord"",""method"":""post"",""SN"":"""",""rowCount"":0}",586.618919ms
76,"{""action"":"""",""data"":{""meeting_id"":7,""uid"":76,""create_time"":""0001-01-01T00:00:00Z"",""unit_name"":""广大"",""name"":""宙斯"",""job"":""老师"",""mobile_phone"":""15555555555"",""email"":""777777777@qq.com"",""space"":""11号天桥""},""sets"":null,""orderBy"":"""",""filter"":"""",""page"":0,""pageSize"":0}","{""status"":0,""msg"":"""",""data"":null,""API"":""/addRecord"",""method"":""post"",""SN"":"""",""rowCount"":0}",594.443103ms
98,"{""action"":"""",""data"":{""meeting_id"":7,""uid"":98,""create_time"":""0001-01-01T00:00:00Z"",""unit_name"":""广大"",""name"":""宙斯"",""job"":""老师"",""mobile_phone"":""15555555555"",""email"":""777777777@qq.com"",""space"":""11号天桥""},""sets"":null,""orderBy"":"""",""filter"":"""",""page"":0,""pageSize"":0}","{""status"":0,""msg"":"""",""data"":null,""API"":""/addRecord"",""method"":""post"",""SN"":"""",""rowCount"":0}",591.078001ms
44,"{""action"":"""",""data"":{""meeting_id"":7,""uid"":44,""create_time"":""0001-01-01T00:00:00Z"",""unit_name"":""广大"",""name"":""宙斯"",""job"":""老师"",""mobile_phone"":""15555555555"",""email"":""777777777@qq.com"",""space"":""11号天桥""},""sets"":null,""orderBy"":"""",""filter"":"""",""page"":0,""pageSize"":0}","{""status"":0,""msg"":"""",""data"":null,""API"":""/addRecord"",""method"":""post"",""SN"":"""",""rowCount"":0}",590.468833ms
71,"{""action"":"""",""data"":{""meeting_id"":7,""uid"":71,""create_time"":""0001-01-01T00:00:00Z"",""unit_name"":""广大"",""name"":""宙斯"",""job"":""老师"",""mobile_phone"":""15555555555"",""email"":""777777777@qq.com"",""space"":""11号天桥""},""sets"":null,""orderBy"":"""",""filter"":"""",""page"":0,""pageSize"":0}","{""status"":0,""msg"":"""",""data"":null,""API"":""/addRecord"",""method"":""post"",""SN"":"""",""rowCount"":0}",595.9871ms
35,"{""action"":"""",""data"":{""meeting_id"":7,""uid"":35,""create_time"":""0001-01-01T00:00:00Z"",""unit_name"":""广大"",""name"":""宙斯"",""job"":""老师"",""mobile_phone"":""15555555555"",""email"":""777777777@qq.com"",""space"":""11号天桥""},""sets"":null,""orderBy"":"""",""filter"":"""",""page"":0,""pageSize"":0}","{""status"":0,""msg"":"""",""data"":null,""API"":""/addRecord"",""method"":""post"",""SN"":"""",""rowCount"":0}",592.225859ms
46,"{""action"":"""",""data"":{""meeting_id"":7,""uid"":46,""create_time"":""0001-01-01T00:00:00Z"",""unit_name"":""广大"",""name"":""宙斯"",""job"":""老师"",""mobile_phone"":""15555555555"",""email"":""777777777@qq.com"",""space"":""11号天桥""},""sets"":null,""orderBy"":"""",""filter"":"""",""page"":0,""pageSize"":0}","{""status"":0,""msg"":"""",""data"":null,""API"":""/addRecord"",""method"":""post"",""SN"":"""",""rowCount"":0}",592.967098ms
45,"{""action"":"""",""data"":{""meeting_id"":7,""uid"":45,""create_time"":""0001-01-01T00:00:00Z"",""unit_name"":""广大"",""name"":""宙斯"",""job"":""老师"",""mobile_phone"":""15555555555"",""email"":""777777777@qq.com"",""space"":""11号天桥""},""sets"":null,""orderBy"":"""",""filter"":"""",""page"":0,""pageSize"":0}","{""status"":0,""msg"":"""",""data"":null,""API"":""/addRecord"",""method"":""post"",""SN"":"""",""rowCount"":0}",591.66815ms
3,"{""action"":"""",""data"":{""meeting_id"":7,""uid"":3,""create_time"":""0001-01-01T00:00:00Z"",""unit_name"":""广大"",""name"":""宙斯"",""job"":""老师"",""mobile_phone"":""15555555555"",""email"":""777777777@qq.com"",""space"":""11号天桥""},""sets"":null,""orderBy"":"""",""filter"":"""",""page"":0,""pageSize"":0}","{""status"":0,""msg"":"""",""data"":null,""API"":""/addRecord"",""method"":""post"",""SN"":"""",""rowCount"":0}",598.477221ms
43,"{""action"":"""",""data"":{""meeting_id"":7,""uid"":43,""create_time"":""0001-01-01T00:00:00Z"",""unit_name"":""广大"",""name"":""宙斯"",""job"":""老师"",""mobile_phone"":""15555555555"",""email"":""777777777@qq.com"",""space"":""11号天桥""},""sets"":null,""orderBy"":"""",""filter"":"""",""page"":0,""pageSize"":0}","{""status"":0,""msg"":"""",""data"":null,""API"":""/addRecord"",""method"":""post"",""SN"":"""",""rowCount"":0}",618.473035ms
69,"{""action"":"""",""data"":{""meeting_id"":7,""uid"":69,""create_time"":""0001-01-01T00:00:00Z"",""unit_name"":""广大"",""name"":""宙斯"",""job"":""老师"",""mobile_phone"":""15555555555"",""email"":""777777777@qq.com"",""space"":""11号天桥""},""sets"":null,""orderBy"":"""",""filter"":"""",""page"":0,""pageSize"":0}","{""status"":0,""msg"":"""",""data"":null,""API"":""/addRecord"",""method"":""post"",""SN"":"""",""rowCount"":0}",624.002147ms
5,"{""action"":"""",""data"":{""meeting_id"":7,""uid"":5,""create_time"":""0001-01-01T00:00:00Z"",""unit_name"":""广大"",""name"":""宙斯"",""job"":""老师"",""mobile_phone"":""15555555555"",""email"":""777777777@qq.com"",""space"":""11号天桥""},""sets"":null,""orderBy"":"""",""filter"":"""",""page"":0,""pageSize"":0}","{""status"":0,""msg"":"""",""data"":null,""API"":""/addRecord"",""method"":""post"",""SN"":"""",""rowCount"":0}",618.252639ms
52,"{""action"":"""",""data"":{""meeting_id"":7,""uid"":52,""create_time"":""0001-01-01T00:00:00Z"",""unit_name"":""广大"",""name"":""宙斯"",""job"":""老师"",""mobile_phone"":""15555555555"",""email"":""777777777@qq.com"",""space"":""11号天桥""},""sets"":null,""orderBy"":"""",""filter"":"""",""page"":0,""pageSize"":0}","{""status"":0,""msg"":"""",""data"":null,""API"":""/addRecord"",""method"":""post"",""SN"":"""",""rowCount"":0}",618.173072ms
77,"{""action"":"""",""data"":{""meeting_id"":7,""uid"":77,""create_time"":""0001-01-01T00:00:00Z"",""unit_name"":""广大"",""name"":""宙斯"",""job"":""老师"",""mobile_phone"":""15555555555"",""email"":""777777777@qq.com"",""space"":""11号天桥""},""sets"":null,""orderBy"":"""",""filter"":"""",""page"":0,""pageSize"":0}","{""status"":0,""msg"":"""",""data"":null,""API"":""/addRecord"",""method"":""post"",""SN"":"""",""rowCount"":0}",623.660979ms
99,"{""action"":"""",""data"":{""meeting_id"":7,""uid"":99,""create_time"":""0001-01-01T00:00:00Z"",""unit_name"":""广大"",""name"":""宙斯"",""job"":""老师"",""mobile_phone"":""15555555555"",""email"":""777777777@qq.com"",""space"":""11号天桥""},""sets"":null,""orderBy"":"""",""filter"":"""",""page"":0,""pageSize"":0}","{""status"":0,""msg"":"""",""data"":null,""API"":""/addRecord"",""method"":""post"",""SN"":"""",""rowCount"":0}",628.861957ms
21,"{""action"":"""",""data"":{""meeting_id"":7,""uid"":21,""create_time"":""0001-01-01T00:00:00Z"",""unit_name"":""广大"",""name"":""宙斯"",""job"":""老师"",""mobile_phone"":""15555555555"",""email"":""777777777@qq.com"",""space"":""11号天桥""},""sets"":null,""orderBy"":"""",""filter"":"""",""page"":0,""pageSize"":0}","{""status"":0,""msg"":"""",""data"":null,""API"":""/addRecord"",""method"":""post"",""SN"":"""",""rowCount"":0}",642.584458ms
42,"{""action"":"""",""data"":{""meeting_id"":7,""uid"":42,""create_time"":""0001-01-01T00:00:00Z"",""unit_name"":""广大"",""name"":""宙斯"",""job"":""老师"",""mobile_phone"":""15555555555"",""email"":""777777777@qq.com"",""space"":""11号天桥""},""sets"":null,""orderBy"":"""",""filter"":"""",""page"":0,""pageSize"":0}","{""status"":0,""msg"":"""",""data"":null,""API"":""/addRecord"",""method"":""post"",""SN"":"""",""rowCount"":0}",644.671855ms
31,"{""action"":"""",""data"":{""meeting_id"":7,""uid"":31,""create_time"":""0001-01-01T00:00:00Z"",""unit_name"":""广大"",""name"":""宙斯"",""job"":""老师"",""mobile_phone"":""15555555555"",""email"":""777777777@qq.com"",""space"":""11号天桥""},""sets"":null,""orderBy"":"""",""filter"":"""",""page"":0,""pageSize"":0}","{""status"":0,""msg"":"""",""data"":null,""API"":""/addRecord"",""method"":""post"",""SN"":"""",""rowCount"":0}",649.206765ms
32,"{""action"":"""",""data"":{""meeting_id"":7,""uid"":32,""create_time"":""0001-01-01T00:00:00Z"",""unit_name"":""广大"",""name"":""宙斯"",""job"":""老师"",""mobile_phone"":""15555555555"",""email"":""777777777@qq.com"",""space"":""11号天桥""},""sets"":null,""orderBy"":"""",""filter"":"""",""page"":0,""pageSize"":0}","{""status"":0,""msg"":"""",""data"":null,""API"":""/addRecord"",""method"":""post"",""SN"":"""",""rowCount"":0}",654.025853ms
53,"{""action"":"""",""data"":{""meeting_id"":7,""uid"":53,""create_time"":""0001-01-01T00:00:00Z"",""unit_name"":""广大"",""name"":""宙斯"",""job"":""老师"",""mobile_phone"":""15555555555"",""email"":""777777777@qq.com"",""space"":""11号天桥""},""sets"":null,""orderBy"":"""",""filter"":"""",""page"":0,""pageSize"":0}","{""status"":0,""msg"":"""",""data"":null,""API"":""/addRecord"",""method"":""post"",""SN"":"""",""rowCount"":0}",662.284949ms
70,"{""action"":"""",""data"":{""meeting_id"":7,""uid"":70,""create_time"":""0001-01-01T00:00:00Z"",""unit_name"":""广大"",""name"":""宙斯"",""job"":""老师"",""mobile_phone"":""15555555555"",""email"":""777777777@qq.com"",""space"":""11号天桥""},""sets"":null,""orderBy"":"""",""filter"":"""",""page"":0,""pageSize"":0}","{""status"":0,""msg"":"""",""data"":null,""API"":""/addRecord"",""method"":""post"",""SN"":"""",""rowCount"":0}",669.025771ms
6,"{""action"":"""",""data"":{""meeting_id"":7,""uid"":6,""create_time"":""0001-01-01T00:00:00Z"",""unit_name"":""广大"",""name"":""宙斯"",""job"":""老师"",""mobile_phone"":""15555555555"",""email"":""777777777@qq.com"",""space"":""11号天桥""},""sets"":null,""orderBy"":"""",""filter"":"""",""page"":0,""pageSize"":0}","{""status"":0,""msg"":"""",""data"":null,""API"":""/addRecord"",""method"":""post"",""SN"":"""",""rowCount"":0}",670.480694ms
80,"{""action"":"""",""data"":{""meeting_id"":7,""uid"":80,""create_time"":""0001-01-01T00:00:00Z"",""unit_name"":""广大"",""name"":""宙斯"",""job"":""老师"",""mobile_phone"":""15555555555"",""email"":""777777777@qq.com"",""space"":""11号天桥""},""sets"":null,""orderBy"":"""",""filter"":"""",""page"":0,""pageSize"":0}","{""status"":0,""msg"":"""",""data"":null,""API"":""/addRecord"",""method"":""post"",""SN"":"""",""rowCount"":0}",667.974778ms
47,"{""action"":"""",""data"":{""meeting_id"":7,""uid"":47,""create_time"":""0001-01-01T00:00:00Z"",""unit_name"":""广大"",""name"":""宙斯"",""job"":""老师"",""mobile_phone"":""15555555555"",""email"":""777777777@qq.com"",""space"":""11号天桥""},""sets"":null,""orderBy"":"""",""filter"":"""",""page"":0,""pageSize"":0}","{""status"":0,""msg"":"""",""data"":null,""API"":""/addRecord"",""method"":""post"",""SN"":"""",""rowCount"":0}",672.542954ms
16,"{""action"":"""",""data"":{""meeting_id"":7,""uid"":16,""create_time"":""0001-01-01T00:00:00Z"",""unit_name"":""广大"",""name"":""宙斯"",""job"":""老师"",""mobile_phone"":""15555555555"",""email"":""777777777@qq.com"",""space"":""11号天桥""},""sets"":null,""orderBy"":"""",""filter"":"""",""page"":0,""pageSize"":0}","{""status"":0,""msg"":"""",""data"":null,""API"":""/addRecord"",""method"":""post"",""SN"":"""",""rowCount"":0}",688.732793ms
95,"{""action"":"""",""data"":{""meeting_id"":7,""uid"":95,""create_time"":""0001-01-01T00:00:00Z"",""unit_name"":""广大"",""name"":""宙斯"",""job"":""老师"",""mobile_phone"":""15555555555"",""email"":""777777777@qq.com"",""space"":""11号天桥""},""sets"":null,""orderBy"":"""",""filter"":"""",""page"":0,""pageSize"":0}","{""status"":0,""msg"":"""",""data"":null,""API"":""/addRecord"",""method"":""post"",""SN"":"""",""rowCount"":0}",683.812331ms
4,"{""action"":"""",""data"":{""meeting_id"":7,""uid"":4,""create_time"":""0001-01-01T00:00:00Z"",""unit_name"":""广大"",""name"":""宙斯"",""job"":""老师"",""mobile_phone"":""15555555555"",""email"":""777777777@qq.com"",""space"":""11号天桥""},""sets"":null,""orderBy"":"""",""filter"":"""",""page"":0,""pageSize"":0}","{""status"":0,""msg"":"""",""data"":null,""API"":""/addRecord"",""method"":""post"",""SN"":"""",""rowCount"":0}",682.030163ms
58,"{""action"":"""",""data"":{""meeting_id"":7,""uid"":58,""create_time"":""0001-01-01T00:00:00Z"",""unit_name"":""广大"",""name"":""宙斯"",""job"":""老师"",""mobile_phone"":""15555555555"",""email"":""777777777@qq.com"",""space"":""11号天桥""},""sets"":null,""orderBy"":"""",""filter"":"""",""page"":0,""pageSize"":0}","{""status"":0,""msg"":"""",""data"":null,""API"":""/addRecord"",""method"":""post"",""SN"":"""",""rowCount"":0}",681.412216ms
57,"{""action"":"""",""data"":{""meeting_id"":7,""uid"":57,""create_time"":""0001-01-01T00:00:00Z"",""unit_name"":""广大"",""name"":""宙斯"",""job"":""老师"",""mobile_phone"":""15555555555"",""email"":""777777777@qq.com"",""space"":""11号天桥""},""sets"":null,""orderBy"":"""",""filter"":"""",""page"":0,""pageSize"":0}","{""status"":0,""msg"":"""",""data"":null,""API"":""/addRecord"",""method"":""post"",""SN"":"""",""rowCount"":0}",681.749879ms
100,"{""action"":"""",""data"":{""meeting_id"":7,""uid"":100,""create_time"":""0001-01-01T00:00:00Z"",""unit_name"":""广大"",""name"":""宙斯"",""job"":""老师"",""mobile_phone"":""15555555555"",""email"":""777777777@qq.com"",""space"":""11号天桥""},""sets"":null,""orderBy"":"""",""filter"":"""",""page"":0,""pageSize"":0}","{""status"":0,""msg"":"""",""data"":null,""API"":""/addRecord"",""method"":""post"",""SN"":"""",""rowCount"":0}",683.789268ms
48,"{""action"":"""",""data"":{""meeting_id"":7,""uid"":48,""create_time"":""0001-01-01T00:00:00Z"",""unit_name"":""广大"",""name"":""宙斯"",""job"":""老师"",""mobile_phone"":""15555555555"",""email"":""777777777@qq.com"",""space"":""11号天桥""},""sets"":null,""orderBy"":"""",""filter"":"""",""page"":0,""pageSize"":0}","{""status"":0,""msg"":"""",""data"":null,""API"":""/addRecord"",""method"":""post"",""SN"":"""",""rowCount"":0}",682.043365ms
54,"{""action"":"""",""data"":{""meeting_id"":7,""uid"":54,""create_time"":""0001-01-01T00:00:00Z"",""unit_name"":""广大"",""name"":""宙斯"",""job"":""老师"",""mobile_phone"":""15555555555"",""email"":""777777777@qq.com"",""space"":""11号天桥""},""sets"":null,""orderBy"":"""",""filter"":"""",""page"":0,""pageSize"":0}","{""status"":0,""msg"":"""",""data"":null,""API"":""/addRecord"",""method"":""post"",""SN"":"""",""rowCount"":0}",682.588956ms
