序号,请求数据
1,"{""data"": {""email"": ""207812348@qq.com"",""UID"": 1}}"
2,"{""data"": {""email"": ""207812348@qq.com"",""UID"": 2}}"
3,"{""data"": {""email"": ""207812348@qq.com"",""UID"": 3}}"
4,"{""data"": {""email"": ""207812348@qq.com"",""UID"": 4}}"
5,"{""data"": {""email"": ""207812348@qq.com"",""UID"": 5}}"
6,"{""data"": {""email"": ""207812348@qq.com"",""UID"": 6}}"
7,"{""data"": {""email"": ""207812348@qq.com"",""UID"": 7}}"
8,"{""data"": {""email"": ""207812348@qq.com"",""UID"": 8}}"
9,"{""data"": {""email"": ""207812348@qq.com"",""UID"": 9}}"
10,"{""data"": {""email"": ""207812348@qq.com"",""UID"": 10}}"
11,"{""data"": {""email"": ""207812348@qq.com"",""UID"": 11}}"
12,"{""data"": {""email"": ""207812348@qq.com"",""UID"": 12}}"
13,"{""data"": {""email"": ""207812348@qq.com"",""UID"": 13}}"
14,"{""data"": {""email"": ""207812348@qq.com"",""UID"": 14}}"
15,"{""data"": {""email"": ""207812348@qq.com"",""UID"": 15}}"
16,"{""data"": {""email"": ""207812348@qq.com"",""UID"": 16}}"
17,"{""data"": {""email"": ""207812348@qq.com"",""UID"": 17}}"
18,"{""data"": {""email"": ""207812348@qq.com"",""UID"": 18}}"
19,"{""data"": {""email"": ""207812348@qq.com"",""UID"": 19}}"
20,"{""data"": {""email"": ""207812348@qq.com"",""UID"": 20}}"
21,"{""data"": {""email"": ""207812348@qq.com"",""UID"": 21}}"
22,"{""data"": {""email"": ""207812348@qq.com"",""UID"": 22}}"
23,"{""data"": {""email"": ""207812348@qq.com"",""UID"": 23}}"
24,"{""data"": {""email"": ""207812348@qq.com"",""UID"": 24}}"
25,"{""data"": {""email"": ""207812348@qq.com"",""UID"": 25}}"
26,"{""data"": {""email"": ""207812348@qq.com"",""UID"": 26}}"
27,"{""data"": {""email"": ""207812348@qq.com"",""UID"": 27}}"
28,"{""data"": {""email"": ""207812348@qq.com"",""UID"": 28}}"
29,"{""data"": {""email"": ""207812348@qq.com"",""UID"": 29}}"
30,"{""data"": {""email"": ""207812348@qq.com"",""UID"": 30}}"
31,"{""data"": {""email"": ""207812348@qq.com"",""UID"": 31}}"
32,"{""data"": {""email"": ""207812348@qq.com"",""UID"": 32}}"
33,"{""data"": {""email"": ""207812348@qq.com"",""UID"": 33}}"
34,"{""data"": {""email"": ""207812348@qq.com"",""UID"": 34}}"
35,"{""data"": {""email"": ""207812348@qq.com"",""UID"": 35}}"
36,"{""data"": {""email"": ""207812348@qq.com"",""UID"": 36}}"
37,"{""data"": {""email"": ""207812348@qq.com"",""UID"": 37}}"
38,"{""data"": {""email"": ""207812348@qq.com"",""UID"": 38}}"
39,"{""data"": {""email"": ""207812348@qq.com"",""UID"": 39}}"
40,"{""data"": {""email"": ""207812348@qq.com"",""UID"": 40}}"
41,"{""data"": {""email"": ""207812348@qq.com"",""UID"": 41}}"
42,"{""data"": {""email"": ""207812348@qq.com"",""UID"": 42}}"
43,"{""data"": {""email"": ""207812348@qq.com"",""UID"": 43}}"
44,"{""data"": {""email"": ""207812348@qq.com"",""UID"": 44}}"
45,"{""data"": {""email"": ""207812348@qq.com"",""UID"": 45}}"
46,"{""data"": {""email"": ""207812348@qq.com"",""UID"": 46}}"
47,"{""data"": {""email"": ""207812348@qq.com"",""UID"": 47}}"
48,"{""data"": {""email"": ""207812348@qq.com"",""UID"": 48}}"
49,"{""data"": {""email"": ""207812348@qq.com"",""UID"": 49}}"
50,"{""data"": {""email"": ""207812348@qq.com"",""UID"": 50}}"
51,"{""data"": {""email"": ""207812348@qq.com"",""UID"": 51}}"
52,"{""data"": {""email"": ""207812348@qq.com"",""UID"": 52}}"
53,"{""data"": {""email"": ""207812348@qq.com"",""UID"": 53}}"
54,"{""data"": {""email"": ""207812348@qq.com"",""UID"": 54}}"
55,"{""data"": {""email"": ""207812348@qq.com"",""UID"": 55}}"
56,"{""data"": {""email"": ""207812348@qq.com"",""UID"": 56}}"
57,"{""data"": {""email"": ""207812348@qq.com"",""UID"": 57}}"
58,"{""data"": {""email"": ""207812348@qq.com"",""UID"": 58}}"
59,"{""data"": {""email"": ""207812348@qq.com"",""UID"": 59}}"
60,"{""data"": {""email"": ""207812348@qq.com"",""UID"": 60}}"
61,"{""data"": {""email"": ""207812348@qq.com"",""UID"": 61}}"
62,"{""data"": {""email"": ""207812348@qq.com"",""UID"": 62}}"
63,"{""data"": {""email"": ""207812348@qq.com"",""UID"": 63}}"
64,"{""data"": {""email"": ""207812348@qq.com"",""UID"": 64}}"
65,"{""data"": {""email"": ""207812348@qq.com"",""UID"": 65}}"
66,"{""data"": {""email"": ""207812348@qq.com"",""UID"": 66}}"
67,"{""data"": {""email"": ""207812348@qq.com"",""UID"": 67}}"
68,"{""data"": {""email"": ""207812348@qq.com"",""UID"": 68}}"
69,"{""data"": {""email"": ""207812348@qq.com"",""UID"": 69}}"
70,"{""data"": {""email"": ""207812348@qq.com"",""UID"": 70}}"
71,"{""data"": {""email"": ""207812348@qq.com"",""UID"": 71}}"
72,"{""data"": {""email"": ""207812348@qq.com"",""UID"": 72}}"
73,"{""data"": {""email"": ""207812348@qq.com"",""UID"": 73}}"
74,"{""data"": {""email"": ""207812348@qq.com"",""UID"": 74}}"
75,"{""data"": {""email"": ""207812348@qq.com"",""UID"": 75}}"
76,"{""data"": {""email"": ""207812348@qq.com"",""UID"": 76}}"
77,"{""data"": {""email"": ""207812348@qq.com"",""UID"": 77}}"
78,"{""data"": {""email"": ""207812348@qq.com"",""UID"": 78}}"
79,"{""data"": {""email"": ""207812348@qq.com"",""UID"": 79}}"
80,"{""data"": {""email"": ""207812348@qq.com"",""UID"": 80}}"
81,"{""data"": {""email"": ""207812348@qq.com"",""UID"": 81}}"
82,"{""data"": {""email"": ""207812348@qq.com"",""UID"": 82}}"
83,"{""data"": {""email"": ""207812348@qq.com"",""UID"": 83}}"
84,"{""data"": {""email"": ""207812348@qq.com"",""UID"": 84}}"
85,"{""data"": {""email"": ""207812348@qq.com"",""UID"": 85}}"
86,"{""data"": {""email"": ""207812348@qq.com"",""UID"": 86}}"
87,"{""data"": {""email"": ""207812348@qq.com"",""UID"": 87}}"
88,"{""data"": {""email"": ""207812348@qq.com"",""UID"": 88}}"
89,"{""data"": {""email"": ""207812348@qq.com"",""UID"": 89}}"
90,"{""data"": {""email"": ""207812348@qq.com"",""UID"": 90}}"
91,"{""data"": {""email"": ""207812348@qq.com"",""UID"": 91}}"
92,"{""data"": {""email"": ""207812348@qq.com"",""UID"": 92}}"
93,"{""data"": {""email"": ""207812348@qq.com"",""UID"": 93}}"
94,"{""data"": {""email"": ""207812348@qq.com"",""UID"": 94}}"
95,"{""data"": {""email"": ""207812348@qq.com"",""UID"": 95}}"
96,"{""data"": {""email"": ""207812348@qq.com"",""UID"": 96}}"
97,"{""data"": {""email"": ""207812348@qq.com"",""UID"": 97}}"
98,"{""data"": {""email"": ""207812348@qq.com"",""UID"": 98}}"
99,"{""data"": {""email"": ""207812348@qq.com"",""UID"": 99}}"
100,"{""data"": {""email"": ""207812348@qq.com"",""UID"": 100}}"
101,"{""data"": {""email"": ""207812348@qq.com"",""UID"": 101}}"
102,"{""data"": {""email"": ""207812348@qq.com"",""UID"": 102}}"
103,"{""data"": {""email"": ""207812348@qq.com"",""UID"": 103}}"
104,"{""data"": {""email"": ""207812348@qq.com"",""UID"": 104}}"
105,"{""data"": {""email"": ""207812348@qq.com"",""UID"": 105}}"
106,"{""data"": {""email"": ""207812348@qq.com"",""UID"": 106}}"
107,"{""data"": {""email"": ""207812348@qq.com"",""UID"": 107}}"
108,"{""data"": {""email"": ""207812348@qq.com"",""UID"": 108}}"
109,"{""data"": {""email"": ""207812348@qq.com"",""UID"": 109}}"
110,"{""data"": {""email"": ""207812348@qq.com"",""UID"": 110}}"
111,"{""data"": {""email"": ""207812348@qq.com"",""UID"": 111}}"
112,"{""data"": {""email"": ""207812348@qq.com"",""UID"": 112}}"
113,"{""data"": {""email"": ""207812348@qq.com"",""UID"": 113}}"
114,"{""data"": {""email"": ""207812348@qq.com"",""UID"": 114}}"
115,"{""data"": {""email"": ""207812348@qq.com"",""UID"": 115}}"
116,"{""data"": {""email"": ""207812348@qq.com"",""UID"": 116}}"
117,"{""data"": {""email"": ""207812348@qq.com"",""UID"": 117}}"
118,"{""data"": {""email"": ""207812348@qq.com"",""UID"": 118}}"
119,"{""data"": {""email"": ""207812348@qq.com"",""UID"": 119}}"
120,"{""data"": {""email"": ""207812348@qq.com"",""UID"": 120}}"
121,"{""data"": {""email"": ""207812348@qq.com"",""UID"": 121}}"
122,"{""data"": {""email"": ""207812348@qq.com"",""UID"": 122}}"
123,"{""data"": {""email"": ""207812348@qq.com"",""UID"": 123}}"
124,"{""data"": {""email"": ""207812348@qq.com"",""UID"": 124}}"
125,"{""data"": {""email"": ""207812348@qq.com"",""UID"": 125}}"
126,"{""data"": {""email"": ""207812348@qq.com"",""UID"": 126}}"
127,"{""data"": {""email"": ""207812348@qq.com"",""UID"": 127}}"
128,"{""data"": {""email"": ""207812348@qq.com"",""UID"": 128}}"
129,"{""data"": {""email"": ""207812348@qq.com"",""UID"": 129}}"
130,"{""data"": {""email"": ""207812348@qq.com"",""UID"": 130}}"
131,"{""data"": {""email"": ""207812348@qq.com"",""UID"": 131}}"
132,"{""data"": {""email"": ""207812348@qq.com"",""UID"": 132}}"
133,"{""data"": {""email"": ""207812348@qq.com"",""UID"": 133}}"
134,"{""data"": {""email"": ""207812348@qq.com"",""UID"": 134}}"
135,"{""data"": {""email"": ""207812348@qq.com"",""UID"": 135}}"
136,"{""data"": {""email"": ""207812348@qq.com"",""UID"": 136}}"
137,"{""data"": {""email"": ""207812348@qq.com"",""UID"": 137}}"
138,"{""data"": {""email"": ""207812348@qq.com"",""UID"": 138}}"
139,"{""data"": {""email"": ""207812348@qq.com"",""UID"": 139}}"
140,"{""data"": {""email"": ""207812348@qq.com"",""UID"": 140}}"
141,"{""data"": {""email"": ""207812348@qq.com"",""UID"": 141}}"
142,"{""data"": {""email"": ""207812348@qq.com"",""UID"": 142}}"
143,"{""data"": {""email"": ""207812348@qq.com"",""UID"": 143}}"
144,"{""data"": {""email"": ""207812348@qq.com"",""UID"": 144}}"
145,"{""data"": {""email"": ""207812348@qq.com"",""UID"": 145}}"
146,"{""data"": {""email"": ""207812348@qq.com"",""UID"": 146}}"
147,"{""data"": {""email"": ""207812348@qq.com"",""UID"": 147}}"
148,"{""data"": {""email"": ""207812348@qq.com"",""UID"": 148}}"
149,"{""data"": {""email"": ""207812348@qq.com"",""UID"": 149}}"
150,"{""data"": {""email"": ""207812348@qq.com"",""UID"": 150}}"
151,"{""data"": {""email"": ""207812348@qq.com"",""UID"": 151}}"
152,"{""data"": {""email"": ""207812348@qq.com"",""UID"": 152}}"
153,"{""data"": {""email"": ""207812348@qq.com"",""UID"": 153}}"
154,"{""data"": {""email"": ""207812348@qq.com"",""UID"": 154}}"
155,"{""data"": {""email"": ""207812348@qq.com"",""UID"": 155}}"
156,"{""data"": {""email"": ""207812348@qq.com"",""UID"": 156}}"
157,"{""data"": {""email"": ""207812348@qq.com"",""UID"": 157}}"
158,"{""data"": {""email"": ""207812348@qq.com"",""UID"": 158}}"
159,"{""data"": {""email"": ""207812348@qq.com"",""UID"": 159}}"
160,"{""data"": {""email"": ""207812348@qq.com"",""UID"": 160}}"
161,"{""data"": {""email"": ""207812348@qq.com"",""UID"": 161}}"
162,"{""data"": {""email"": ""207812348@qq.com"",""UID"": 162}}"
163,"{""data"": {""email"": ""207812348@qq.com"",""UID"": 163}}"
164,"{""data"": {""email"": ""207812348@qq.com"",""UID"": 164}}"
165,"{""data"": {""email"": ""207812348@qq.com"",""UID"": 165}}"
166,"{""data"": {""email"": ""207812348@qq.com"",""UID"": 166}}"
167,"{""data"": {""email"": ""207812348@qq.com"",""UID"": 167}}"
168,"{""data"": {""email"": ""207812348@qq.com"",""UID"": 168}}"
169,"{""data"": {""email"": ""207812348@qq.com"",""UID"": 169}}"
170,"{""data"": {""email"": ""207812348@qq.com"",""UID"": 170}}"
171,"{""data"": {""email"": ""207812348@qq.com"",""UID"": 171}}"
172,"{""data"": {""email"": ""207812348@qq.com"",""UID"": 172}}"
173,"{""data"": {""email"": ""207812348@qq.com"",""UID"": 173}}"
174,"{""data"": {""email"": ""207812348@qq.com"",""UID"": 174}}"
175,"{""data"": {""email"": ""207812348@qq.com"",""UID"": 175}}"
176,"{""data"": {""email"": ""207812348@qq.com"",""UID"": 176}}"
177,"{""data"": {""email"": ""207812348@qq.com"",""UID"": 177}}"
178,"{""data"": {""email"": ""207812348@qq.com"",""UID"": 178}}"
179,"{""data"": {""email"": ""207812348@qq.com"",""UID"": 179}}"
180,"{""data"": {""email"": ""207812348@qq.com"",""UID"": 180}}"
181,"{""data"": {""email"": ""207812348@qq.com"",""UID"": 181}}"
182,"{""data"": {""email"": ""207812348@qq.com"",""UID"": 182}}"
183,"{""data"": {""email"": ""207812348@qq.com"",""UID"": 183}}"
184,"{""data"": {""email"": ""207812348@qq.com"",""UID"": 184}}"
185,"{""data"": {""email"": ""207812348@qq.com"",""UID"": 185}}"
186,"{""data"": {""email"": ""207812348@qq.com"",""UID"": 186}}"
187,"{""data"": {""email"": ""207812348@qq.com"",""UID"": 187}}"
188,"{""data"": {""email"": ""207812348@qq.com"",""UID"": 188}}"
189,"{""data"": {""email"": ""207812348@qq.com"",""UID"": 189}}"
190,"{""data"": {""email"": ""207812348@qq.com"",""UID"": 190}}"
191,"{""data"": {""email"": ""207812348@qq.com"",""UID"": 191}}"
192,"{""data"": {""email"": ""207812348@qq.com"",""UID"": 192}}"
193,"{""data"": {""email"": ""207812348@qq.com"",""UID"": 193}}"
194,"{""data"": {""email"": ""207812348@qq.com"",""UID"": 194}}"
195,"{""data"": {""email"": ""207812348@qq.com"",""UID"": 195}}"
196,"{""data"": {""email"": ""207812348@qq.com"",""UID"": 196}}"
197,"{""data"": {""email"": ""207812348@qq.com"",""UID"": 197}}"
198,"{""data"": {""email"": ""207812348@qq.com"",""UID"": 198}}"
199,"{""data"": {""email"": ""207812348@qq.com"",""UID"": 199}}"
200,"{""data"": {""email"": ""207812348@qq.com"",""UID"": 200}}"
201,"{""data"": {""email"": ""207812348@qq.com"",""UID"": 201}}"
202,"{""data"": {""email"": ""207812348@qq.com"",""UID"": 202}}"
203,"{""data"": {""email"": ""207812348@qq.com"",""UID"": 203}}"
204,"{""data"": {""email"": ""207812348@qq.com"",""UID"": 204}}"
205,"{""data"": {""email"": ""207812348@qq.com"",""UID"": 205}}"
206,"{""data"": {""email"": ""207812348@qq.com"",""UID"": 206}}"
207,"{""data"": {""email"": ""207812348@qq.com"",""UID"": 207}}"
208,"{""data"": {""email"": ""207812348@qq.com"",""UID"": 208}}"
209,"{""data"": {""email"": ""207812348@qq.com"",""UID"": 209}}"
210,"{""data"": {""email"": ""207812348@qq.com"",""UID"": 210}}"
211,"{""data"": {""email"": ""207812348@qq.com"",""UID"": 211}}"
212,"{""data"": {""email"": ""207812348@qq.com"",""UID"": 212}}"
213,"{""data"": {""email"": ""207812348@qq.com"",""UID"": 213}}"
214,"{""data"": {""email"": ""207812348@qq.com"",""UID"": 214}}"
215,"{""data"": {""email"": ""207812348@qq.com"",""UID"": 215}}"
216,"{""data"": {""email"": ""207812348@qq.com"",""UID"": 216}}"
217,"{""data"": {""email"": ""207812348@qq.com"",""UID"": 217}}"
218,"{""data"": {""email"": ""207812348@qq.com"",""UID"": 218}}"
219,"{""data"": {""email"": ""207812348@qq.com"",""UID"": 219}}"
220,"{""data"": {""email"": ""207812348@qq.com"",""UID"": 220}}"
221,"{""data"": {""email"": ""207812348@qq.com"",""UID"": 221}}"
222,"{""data"": {""email"": ""207812348@qq.com"",""UID"": 222}}"
223,"{""data"": {""email"": ""207812348@qq.com"",""UID"": 223}}"
224,"{""data"": {""email"": ""207812348@qq.com"",""UID"": 224}}"
225,"{""data"": {""email"": ""207812348@qq.com"",""UID"": 225}}"
226,"{""data"": {""email"": ""207812348@qq.com"",""UID"": 226}}"
227,"{""data"": {""email"": ""207812348@qq.com"",""UID"": 227}}"
228,"{""data"": {""email"": ""207812348@qq.com"",""UID"": 228}}"
229,"{""data"": {""email"": ""207812348@qq.com"",""UID"": 229}}"
230,"{""data"": {""email"": ""207812348@qq.com"",""UID"": 230}}"
231,"{""data"": {""email"": ""207812348@qq.com"",""UID"": 231}}"
232,"{""data"": {""email"": ""207812348@qq.com"",""UID"": 232}}"
233,"{""data"": {""email"": ""207812348@qq.com"",""UID"": 233}}"
234,"{""data"": {""email"": ""207812348@qq.com"",""UID"": 234}}"
235,"{""data"": {""email"": ""207812348@qq.com"",""UID"": 235}}"
236,"{""data"": {""email"": ""207812348@qq.com"",""UID"": 236}}"
237,"{""data"": {""email"": ""207812348@qq.com"",""UID"": 237}}"
238,"{""data"": {""email"": ""207812348@qq.com"",""UID"": 238}}"
239,"{""data"": {""email"": ""207812348@qq.com"",""UID"": 239}}"
240,"{""data"": {""email"": ""207812348@qq.com"",""UID"": 240}}"
241,"{""data"": {""email"": ""207812348@qq.com"",""UID"": 241}}"
242,"{""data"": {""email"": ""207812348@qq.com"",""UID"": 242}}"
243,"{""data"": {""email"": ""207812348@qq.com"",""UID"": 243}}"
244,"{""data"": {""email"": ""207812348@qq.com"",""UID"": 244}}"
245,"{""data"": {""email"": ""207812348@qq.com"",""UID"": 245}}"
246,"{""data"": {""email"": ""207812348@qq.com"",""UID"": 246}}"
247,"{""data"": {""email"": ""207812348@qq.com"",""UID"": 247}}"
248,"{""data"": {""email"": ""207812348@qq.com"",""UID"": 248}}"
249,"{""data"": {""email"": ""207812348@qq.com"",""UID"": 249}}"
250,"{""data"": {""email"": ""207812348@qq.com"",""UID"": 250}}"
251,"{""data"": {""email"": ""207812348@qq.com"",""UID"": 251}}"
252,"{""data"": {""email"": ""207812348@qq.com"",""UID"": 252}}"
253,"{""data"": {""email"": ""207812348@qq.com"",""UID"": 253}}"
254,"{""data"": {""email"": ""207812348@qq.com"",""UID"": 254}}"
255,"{""data"": {""email"": ""207812348@qq.com"",""UID"": 255}}"
256,"{""data"": {""email"": ""207812348@qq.com"",""UID"": 256}}"
257,"{""data"": {""email"": ""207812348@qq.com"",""UID"": 257}}"
258,"{""data"": {""email"": ""207812348@qq.com"",""UID"": 258}}"
259,"{""data"": {""email"": ""207812348@qq.com"",""UID"": 259}}"
260,"{""data"": {""email"": ""207812348@qq.com"",""UID"": 260}}"
261,"{""data"": {""email"": ""207812348@qq.com"",""UID"": 261}}"
262,"{""data"": {""email"": ""207812348@qq.com"",""UID"": 262}}"
263,"{""data"": {""email"": ""207812348@qq.com"",""UID"": 263}}"
264,"{""data"": {""email"": ""207812348@qq.com"",""UID"": 264}}"
265,"{""data"": {""email"": ""207812348@qq.com"",""UID"": 265}}"
266,"{""data"": {""email"": ""207812348@qq.com"",""UID"": 266}}"
267,"{""data"": {""email"": ""207812348@qq.com"",""UID"": 267}}"
268,"{""data"": {""email"": ""207812348@qq.com"",""UID"": 268}}"
269,"{""data"": {""email"": ""207812348@qq.com"",""UID"": 269}}"
270,"{""data"": {""email"": ""207812348@qq.com"",""UID"": 270}}"
271,"{""data"": {""email"": ""207812348@qq.com"",""UID"": 271}}"
272,"{""data"": {""email"": ""207812348@qq.com"",""UID"": 272}}"
273,"{""data"": {""email"": ""207812348@qq.com"",""UID"": 273}}"
274,"{""data"": {""email"": ""207812348@qq.com"",""UID"": 274}}"
275,"{""data"": {""email"": ""207812348@qq.com"",""UID"": 275}}"
276,"{""data"": {""email"": ""207812348@qq.com"",""UID"": 276}}"
277,"{""data"": {""email"": ""207812348@qq.com"",""UID"": 277}}"
278,"{""data"": {""email"": ""207812348@qq.com"",""UID"": 278}}"
279,"{""data"": {""email"": ""207812348@qq.com"",""UID"": 279}}"
280,"{""data"": {""email"": ""207812348@qq.com"",""UID"": 280}}"
281,"{""data"": {""email"": ""207812348@qq.com"",""UID"": 281}}"
282,"{""data"": {""email"": ""207812348@qq.com"",""UID"": 282}}"
283,"{""data"": {""email"": ""207812348@qq.com"",""UID"": 283}}"
284,"{""data"": {""email"": ""207812348@qq.com"",""UID"": 284}}"
285,"{""data"": {""email"": ""207812348@qq.com"",""UID"": 285}}"
286,"{""data"": {""email"": ""207812348@qq.com"",""UID"": 286}}"
287,"{""data"": {""email"": ""207812348@qq.com"",""UID"": 287}}"
288,"{""data"": {""email"": ""207812348@qq.com"",""UID"": 288}}"
289,"{""data"": {""email"": ""207812348@qq.com"",""UID"": 289}}"
290,"{""data"": {""email"": ""207812348@qq.com"",""UID"": 290}}"
291,"{""data"": {""email"": ""207812348@qq.com"",""UID"": 291}}"
292,"{""data"": {""email"": ""207812348@qq.com"",""UID"": 292}}"
293,"{""data"": {""email"": ""207812348@qq.com"",""UID"": 293}}"
294,"{""data"": {""email"": ""207812348@qq.com"",""UID"": 294}}"
295,"{""data"": {""email"": ""207812348@qq.com"",""UID"": 295}}"
296,"{""data"": {""email"": ""207812348@qq.com"",""UID"": 296}}"
297,"{""data"": {""email"": ""207812348@qq.com"",""UID"": 297}}"
298,"{""data"": {""email"": ""207812348@qq.com"",""UID"": 298}}"
299,"{""data"": {""email"": ""207812348@qq.com"",""UID"": 299}}"
300,"{""data"": {""email"": ""207812348@qq.com"",""UID"": 300}}"
301,"{""data"": {""email"": ""207812348@qq.com"",""UID"": 301}}"
302,"{""data"": {""email"": ""207812348@qq.com"",""UID"": 302}}"
303,"{""data"": {""email"": ""207812348@qq.com"",""UID"": 303}}"
304,"{""data"": {""email"": ""207812348@qq.com"",""UID"": 304}}"
305,"{""data"": {""email"": ""207812348@qq.com"",""UID"": 305}}"
306,"{""data"": {""email"": ""207812348@qq.com"",""UID"": 306}}"
307,"{""data"": {""email"": ""207812348@qq.com"",""UID"": 307}}"
308,"{""data"": {""email"": ""207812348@qq.com"",""UID"": 308}}"
309,"{""data"": {""email"": ""207812348@qq.com"",""UID"": 309}}"
310,"{""data"": {""email"": ""207812348@qq.com"",""UID"": 310}}"
311,"{""data"": {""email"": ""207812348@qq.com"",""UID"": 311}}"
312,"{""data"": {""email"": ""207812348@qq.com"",""UID"": 312}}"
313,"{""data"": {""email"": ""207812348@qq.com"",""UID"": 313}}"
314,"{""data"": {""email"": ""207812348@qq.com"",""UID"": 314}}"
315,"{""data"": {""email"": ""207812348@qq.com"",""UID"": 315}}"
316,"{""data"": {""email"": ""207812348@qq.com"",""UID"": 316}}"
317,"{""data"": {""email"": ""207812348@qq.com"",""UID"": 317}}"
318,"{""data"": {""email"": ""207812348@qq.com"",""UID"": 318}}"
319,"{""data"": {""email"": ""207812348@qq.com"",""UID"": 319}}"
320,"{""data"": {""email"": ""207812348@qq.com"",""UID"": 320}}"
321,"{""data"": {""email"": ""207812348@qq.com"",""UID"": 321}}"
322,"{""data"": {""email"": ""207812348@qq.com"",""UID"": 322}}"
323,"{""data"": {""email"": ""207812348@qq.com"",""UID"": 323}}"
324,"{""data"": {""email"": ""207812348@qq.com"",""UID"": 324}}"
325,"{""data"": {""email"": ""207812348@qq.com"",""UID"": 325}}"
326,"{""data"": {""email"": ""207812348@qq.com"",""UID"": 326}}"
327,"{""data"": {""email"": ""207812348@qq.com"",""UID"": 327}}"
328,"{""data"": {""email"": ""207812348@qq.com"",""UID"": 328}}"
329,"{""data"": {""email"": ""207812348@qq.com"",""UID"": 329}}"
330,"{""data"": {""email"": ""207812348@qq.com"",""UID"": 330}}"
331,"{""data"": {""email"": ""207812348@qq.com"",""UID"": 331}}"
332,"{""data"": {""email"": ""207812348@qq.com"",""UID"": 332}}"
333,"{""data"": {""email"": ""207812348@qq.com"",""UID"": 333}}"
334,"{""data"": {""email"": ""207812348@qq.com"",""UID"": 334}}"
335,"{""data"": {""email"": ""207812348@qq.com"",""UID"": 335}}"
336,"{""data"": {""email"": ""207812348@qq.com"",""UID"": 336}}"
337,"{""data"": {""email"": ""207812348@qq.com"",""UID"": 337}}"
338,"{""data"": {""email"": ""207812348@qq.com"",""UID"": 338}}"
339,"{""data"": {""email"": ""207812348@qq.com"",""UID"": 339}}"
340,"{""data"": {""email"": ""207812348@qq.com"",""UID"": 340}}"
341,"{""data"": {""email"": ""207812348@qq.com"",""UID"": 341}}"
342,"{""data"": {""email"": ""207812348@qq.com"",""UID"": 342}}"
343,"{""data"": {""email"": ""207812348@qq.com"",""UID"": 343}}"
344,"{""data"": {""email"": ""207812348@qq.com"",""UID"": 344}}"
345,"{""data"": {""email"": ""207812348@qq.com"",""UID"": 345}}"
346,"{""data"": {""email"": ""207812348@qq.com"",""UID"": 346}}"
347,"{""data"": {""email"": ""207812348@qq.com"",""UID"": 347}}"
348,"{""data"": {""email"": ""207812348@qq.com"",""UID"": 348}}"
349,"{""data"": {""email"": ""207812348@qq.com"",""UID"": 349}}"
350,"{""data"": {""email"": ""207812348@qq.com"",""UID"": 350}}"
351,"{""data"": {""email"": ""207812348@qq.com"",""UID"": 351}}"
352,"{""data"": {""email"": ""207812348@qq.com"",""UID"": 352}}"
353,"{""data"": {""email"": ""207812348@qq.com"",""UID"": 353}}"
354,"{""data"": {""email"": ""207812348@qq.com"",""UID"": 354}}"
355,"{""data"": {""email"": ""207812348@qq.com"",""UID"": 355}}"
356,"{""data"": {""email"": ""207812348@qq.com"",""UID"": 356}}"
357,"{""data"": {""email"": ""207812348@qq.com"",""UID"": 357}}"
358,"{""data"": {""email"": ""207812348@qq.com"",""UID"": 358}}"
359,"{""data"": {""email"": ""207812348@qq.com"",""UID"": 359}}"
360,"{""data"": {""email"": ""207812348@qq.com"",""UID"": 360}}"
361,"{""data"": {""email"": ""207812348@qq.com"",""UID"": 361}}"
362,"{""data"": {""email"": ""207812348@qq.com"",""UID"": 362}}"
363,"{""data"": {""email"": ""207812348@qq.com"",""UID"": 363}}"
364,"{""data"": {""email"": ""207812348@qq.com"",""UID"": 364}}"
365,"{""data"": {""email"": ""207812348@qq.com"",""UID"": 365}}"
366,"{""data"": {""email"": ""207812348@qq.com"",""UID"": 366}}"
367,"{""data"": {""email"": ""207812348@qq.com"",""UID"": 367}}"
368,"{""data"": {""email"": ""207812348@qq.com"",""UID"": 368}}"
369,"{""data"": {""email"": ""207812348@qq.com"",""UID"": 369}}"
370,"{""data"": {""email"": ""207812348@qq.com"",""UID"": 370}}"
371,"{""data"": {""email"": ""207812348@qq.com"",""UID"": 371}}"
372,"{""data"": {""email"": ""207812348@qq.com"",""UID"": 372}}"
373,"{""data"": {""email"": ""207812348@qq.com"",""UID"": 373}}"
374,"{""data"": {""email"": ""207812348@qq.com"",""UID"": 374}}"
375,"{""data"": {""email"": ""207812348@qq.com"",""UID"": 375}}"
376,"{""data"": {""email"": ""207812348@qq.com"",""UID"": 376}}"
377,"{""data"": {""email"": ""207812348@qq.com"",""UID"": 377}}"
378,"{""data"": {""email"": ""207812348@qq.com"",""UID"": 378}}"
379,"{""data"": {""email"": ""207812348@qq.com"",""UID"": 379}}"
380,"{""data"": {""email"": ""207812348@qq.com"",""UID"": 380}}"
381,"{""data"": {""email"": ""207812348@qq.com"",""UID"": 381}}"
382,"{""data"": {""email"": ""207812348@qq.com"",""UID"": 382}}"
383,"{""data"": {""email"": ""207812348@qq.com"",""UID"": 383}}"
384,"{""data"": {""email"": ""207812348@qq.com"",""UID"": 384}}"
385,"{""data"": {""email"": ""207812348@qq.com"",""UID"": 385}}"
386,"{""data"": {""email"": ""207812348@qq.com"",""UID"": 386}}"
387,"{""data"": {""email"": ""207812348@qq.com"",""UID"": 387}}"
388,"{""data"": {""email"": ""207812348@qq.com"",""UID"": 388}}"
389,"{""data"": {""email"": ""207812348@qq.com"",""UID"": 389}}"
390,"{""data"": {""email"": ""207812348@qq.com"",""UID"": 390}}"
391,"{""data"": {""email"": ""207812348@qq.com"",""UID"": 391}}"
392,"{""data"": {""email"": ""207812348@qq.com"",""UID"": 392}}"
393,"{""data"": {""email"": ""207812348@qq.com"",""UID"": 393}}"
394,"{""data"": {""email"": ""207812348@qq.com"",""UID"": 394}}"
395,"{""data"": {""email"": ""207812348@qq.com"",""UID"": 395}}"
396,"{""data"": {""email"": ""207812348@qq.com"",""UID"": 396}}"
397,"{""data"": {""email"": ""207812348@qq.com"",""UID"": 397}}"
398,"{""data"": {""email"": ""207812348@qq.com"",""UID"": 398}}"
399,"{""data"": {""email"": ""207812348@qq.com"",""UID"": 399}}"
400,"{""data"": {""email"": ""207812348@qq.com"",""UID"": 400}}"
401,"{""data"": {""email"": ""207812348@qq.com"",""UID"": 401}}"
402,"{""data"": {""email"": ""207812348@qq.com"",""UID"": 402}}"
403,"{""data"": {""email"": ""207812348@qq.com"",""UID"": 403}}"
404,"{""data"": {""email"": ""207812348@qq.com"",""UID"": 404}}"
405,"{""data"": {""email"": ""207812348@qq.com"",""UID"": 405}}"
406,"{""data"": {""email"": ""207812348@qq.com"",""UID"": 406}}"
407,"{""data"": {""email"": ""207812348@qq.com"",""UID"": 407}}"
408,"{""data"": {""email"": ""207812348@qq.com"",""UID"": 408}}"
409,"{""data"": {""email"": ""207812348@qq.com"",""UID"": 409}}"
410,"{""data"": {""email"": ""207812348@qq.com"",""UID"": 410}}"
411,"{""data"": {""email"": ""207812348@qq.com"",""UID"": 411}}"
412,"{""data"": {""email"": ""207812348@qq.com"",""UID"": 412}}"
413,"{""data"": {""email"": ""207812348@qq.com"",""UID"": 413}}"
414,"{""data"": {""email"": ""207812348@qq.com"",""UID"": 414}}"
415,"{""data"": {""email"": ""207812348@qq.com"",""UID"": 415}}"
416,"{""data"": {""email"": ""207812348@qq.com"",""UID"": 416}}"
417,"{""data"": {""email"": ""207812348@qq.com"",""UID"": 417}}"
418,"{""data"": {""email"": ""207812348@qq.com"",""UID"": 418}}"
419,"{""data"": {""email"": ""207812348@qq.com"",""UID"": 419}}"
420,"{""data"": {""email"": ""207812348@qq.com"",""UID"": 420}}"
421,"{""data"": {""email"": ""207812348@qq.com"",""UID"": 421}}"
422,"{""data"": {""email"": ""207812348@qq.com"",""UID"": 422}}"
423,"{""data"": {""email"": ""207812348@qq.com"",""UID"": 423}}"
424,"{""data"": {""email"": ""207812348@qq.com"",""UID"": 424}}"
425,"{""data"": {""email"": ""207812348@qq.com"",""UID"": 425}}"
426,"{""data"": {""email"": ""207812348@qq.com"",""UID"": 426}}"
427,"{""data"": {""email"": ""207812348@qq.com"",""UID"": 427}}"
428,"{""data"": {""email"": ""207812348@qq.com"",""UID"": 428}}"
429,"{""data"": {""email"": ""207812348@qq.com"",""UID"": 429}}"
430,"{""data"": {""email"": ""207812348@qq.com"",""UID"": 430}}"
431,"{""data"": {""email"": ""207812348@qq.com"",""UID"": 431}}"
432,"{""data"": {""email"": ""207812348@qq.com"",""UID"": 432}}"
433,"{""data"": {""email"": ""207812348@qq.com"",""UID"": 433}}"
434,"{""data"": {""email"": ""207812348@qq.com"",""UID"": 434}}"
435,"{""data"": {""email"": ""207812348@qq.com"",""UID"": 435}}"
436,"{""data"": {""email"": ""207812348@qq.com"",""UID"": 436}}"
437,"{""data"": {""email"": ""207812348@qq.com"",""UID"": 437}}"
438,"{""data"": {""email"": ""207812348@qq.com"",""UID"": 438}}"
439,"{""data"": {""email"": ""207812348@qq.com"",""UID"": 439}}"
440,"{""data"": {""email"": ""207812348@qq.com"",""UID"": 440}}"
441,"{""data"": {""email"": ""207812348@qq.com"",""UID"": 441}}"
442,"{""data"": {""email"": ""207812348@qq.com"",""UID"": 442}}"
443,"{""data"": {""email"": ""207812348@qq.com"",""UID"": 443}}"
444,"{""data"": {""email"": ""207812348@qq.com"",""UID"": 444}}"
445,"{""data"": {""email"": ""207812348@qq.com"",""UID"": 445}}"
446,"{""data"": {""email"": ""207812348@qq.com"",""UID"": 446}}"
447,"{""data"": {""email"": ""207812348@qq.com"",""UID"": 447}}"
448,"{""data"": {""email"": ""207812348@qq.com"",""UID"": 448}}"
449,"{""data"": {""email"": ""207812348@qq.com"",""UID"": 449}}"
450,"{""data"": {""email"": ""207812348@qq.com"",""UID"": 450}}"
451,"{""data"": {""email"": ""207812348@qq.com"",""UID"": 451}}"
452,"{""data"": {""email"": ""207812348@qq.com"",""UID"": 452}}"
453,"{""data"": {""email"": ""207812348@qq.com"",""UID"": 453}}"
454,"{""data"": {""email"": ""207812348@qq.com"",""UID"": 454}}"
455,"{""data"": {""email"": ""207812348@qq.com"",""UID"": 455}}"
456,"{""data"": {""email"": ""207812348@qq.com"",""UID"": 456}}"
457,"{""data"": {""email"": ""207812348@qq.com"",""UID"": 457}}"
458,"{""data"": {""email"": ""207812348@qq.com"",""UID"": 458}}"
459,"{""data"": {""email"": ""207812348@qq.com"",""UID"": 459}}"
460,"{""data"": {""email"": ""207812348@qq.com"",""UID"": 460}}"
461,"{""data"": {""email"": ""207812348@qq.com"",""UID"": 461}}"
462,"{""data"": {""email"": ""207812348@qq.com"",""UID"": 462}}"
463,"{""data"": {""email"": ""207812348@qq.com"",""UID"": 463}}"
464,"{""data"": {""email"": ""207812348@qq.com"",""UID"": 464}}"
465,"{""data"": {""email"": ""207812348@qq.com"",""UID"": 465}}"
466,"{""data"": {""email"": ""207812348@qq.com"",""UID"": 466}}"
467,"{""data"": {""email"": ""207812348@qq.com"",""UID"": 467}}"
468,"{""data"": {""email"": ""207812348@qq.com"",""UID"": 468}}"
469,"{""data"": {""email"": ""207812348@qq.com"",""UID"": 469}}"
470,"{""data"": {""email"": ""207812348@qq.com"",""UID"": 470}}"
471,"{""data"": {""email"": ""207812348@qq.com"",""UID"": 471}}"
472,"{""data"": {""email"": ""207812348@qq.com"",""UID"": 472}}"
473,"{""data"": {""email"": ""207812348@qq.com"",""UID"": 473}}"
474,"{""data"": {""email"": ""207812348@qq.com"",""UID"": 474}}"
475,"{""data"": {""email"": ""207812348@qq.com"",""UID"": 475}}"
476,"{""data"": {""email"": ""207812348@qq.com"",""UID"": 476}}"
477,"{""data"": {""email"": ""207812348@qq.com"",""UID"": 477}}"
478,"{""data"": {""email"": ""207812348@qq.com"",""UID"": 478}}"
479,"{""data"": {""email"": ""207812348@qq.com"",""UID"": 479}}"
480,"{""data"": {""email"": ""207812348@qq.com"",""UID"": 480}}"
481,"{""data"": {""email"": ""207812348@qq.com"",""UID"": 481}}"
482,"{""data"": {""email"": ""207812348@qq.com"",""UID"": 482}}"
483,"{""data"": {""email"": ""207812348@qq.com"",""UID"": 483}}"
484,"{""data"": {""email"": ""207812348@qq.com"",""UID"": 484}}"
485,"{""data"": {""email"": ""207812348@qq.com"",""UID"": 485}}"
486,"{""data"": {""email"": ""207812348@qq.com"",""UID"": 486}}"
487,"{""data"": {""email"": ""207812348@qq.com"",""UID"": 487}}"
488,"{""data"": {""email"": ""207812348@qq.com"",""UID"": 488}}"
489,"{""data"": {""email"": ""207812348@qq.com"",""UID"": 489}}"
490,"{""data"": {""email"": ""207812348@qq.com"",""UID"": 490}}"
491,"{""data"": {""email"": ""207812348@qq.com"",""UID"": 491}}"
492,"{""data"": {""email"": ""207812348@qq.com"",""UID"": 492}}"
493,"{""data"": {""email"": ""207812348@qq.com"",""UID"": 493}}"
494,"{""data"": {""email"": ""207812348@qq.com"",""UID"": 494}}"
495,"{""data"": {""email"": ""207812348@qq.com"",""UID"": 495}}"
496,"{""data"": {""email"": ""207812348@qq.com"",""UID"": 496}}"
497,"{""data"": {""email"": ""207812348@qq.com"",""UID"": 497}}"
498,"{""data"": {""email"": ""207812348@qq.com"",""UID"": 498}}"
499,"{""data"": {""email"": ""207812348@qq.com"",""UID"": 499}}"
500,"{""data"": {""email"": ""207812348@qq.com"",""UID"": 500}}"
501,"{""data"": {""email"": ""207812348@qq.com"",""UID"": 501}}"
502,"{""data"": {""email"": ""207812348@qq.com"",""UID"": 502}}"
503,"{""data"": {""email"": ""207812348@qq.com"",""UID"": 503}}"
504,"{""data"": {""email"": ""207812348@qq.com"",""UID"": 504}}"
505,"{""data"": {""email"": ""207812348@qq.com"",""UID"": 505}}"
506,"{""data"": {""email"": ""207812348@qq.com"",""UID"": 506}}"
507,"{""data"": {""email"": ""207812348@qq.com"",""UID"": 507}}"
508,"{""data"": {""email"": ""207812348@qq.com"",""UID"": 508}}"
509,"{""data"": {""email"": ""207812348@qq.com"",""UID"": 509}}"
510,"{""data"": {""email"": ""207812348@qq.com"",""UID"": 510}}"
511,"{""data"": {""email"": ""207812348@qq.com"",""UID"": 511}}"
512,"{""data"": {""email"": ""207812348@qq.com"",""UID"": 512}}"
513,"{""data"": {""email"": ""207812348@qq.com"",""UID"": 513}}"
514,"{""data"": {""email"": ""207812348@qq.com"",""UID"": 514}}"
515,"{""data"": {""email"": ""207812348@qq.com"",""UID"": 515}}"
516,"{""data"": {""email"": ""207812348@qq.com"",""UID"": 516}}"
517,"{""data"": {""email"": ""207812348@qq.com"",""UID"": 517}}"
518,"{""data"": {""email"": ""207812348@qq.com"",""UID"": 518}}"
519,"{""data"": {""email"": ""207812348@qq.com"",""UID"": 519}}"
520,"{""data"": {""email"": ""207812348@qq.com"",""UID"": 520}}"
521,"{""data"": {""email"": ""207812348@qq.com"",""UID"": 521}}"
522,"{""data"": {""email"": ""207812348@qq.com"",""UID"": 522}}"
523,"{""data"": {""email"": ""207812348@qq.com"",""UID"": 523}}"
524,"{""data"": {""email"": ""207812348@qq.com"",""UID"": 524}}"
525,"{""data"": {""email"": ""207812348@qq.com"",""UID"": 525}}"
526,"{""data"": {""email"": ""207812348@qq.com"",""UID"": 526}}"
527,"{""data"": {""email"": ""207812348@qq.com"",""UID"": 527}}"
528,"{""data"": {""email"": ""207812348@qq.com"",""UID"": 528}}"
529,"{""data"": {""email"": ""207812348@qq.com"",""UID"": 529}}"
530,"{""data"": {""email"": ""207812348@qq.com"",""UID"": 530}}"
531,"{""data"": {""email"": ""207812348@qq.com"",""UID"": 531}}"
532,"{""data"": {""email"": ""207812348@qq.com"",""UID"": 532}}"
533,"{""data"": {""email"": ""207812348@qq.com"",""UID"": 533}}"
534,"{""data"": {""email"": ""207812348@qq.com"",""UID"": 534}}"
535,"{""data"": {""email"": ""207812348@qq.com"",""UID"": 535}}"
536,"{""data"": {""email"": ""207812348@qq.com"",""UID"": 536}}"
537,"{""data"": {""email"": ""207812348@qq.com"",""UID"": 537}}"
538,"{""data"": {""email"": ""207812348@qq.com"",""UID"": 538}}"
539,"{""data"": {""email"": ""207812348@qq.com"",""UID"": 539}}"
540,"{""data"": {""email"": ""207812348@qq.com"",""UID"": 540}}"
541,"{""data"": {""email"": ""207812348@qq.com"",""UID"": 541}}"
542,"{""data"": {""email"": ""207812348@qq.com"",""UID"": 542}}"
543,"{""data"": {""email"": ""207812348@qq.com"",""UID"": 543}}"
544,"{""data"": {""email"": ""207812348@qq.com"",""UID"": 544}}"
545,"{""data"": {""email"": ""207812348@qq.com"",""UID"": 545}}"
546,"{""data"": {""email"": ""207812348@qq.com"",""UID"": 546}}"
547,"{""data"": {""email"": ""207812348@qq.com"",""UID"": 547}}"
548,"{""data"": {""email"": ""207812348@qq.com"",""UID"": 548}}"
549,"{""data"": {""email"": ""207812348@qq.com"",""UID"": 549}}"
550,"{""data"": {""email"": ""207812348@qq.com"",""UID"": 550}}"
551,"{""data"": {""email"": ""207812348@qq.com"",""UID"": 551}}"
552,"{""data"": {""email"": ""207812348@qq.com"",""UID"": 552}}"
553,"{""data"": {""email"": ""207812348@qq.com"",""UID"": 553}}"
554,"{""data"": {""email"": ""207812348@qq.com"",""UID"": 554}}"
555,"{""data"": {""email"": ""207812348@qq.com"",""UID"": 555}}"
556,"{""data"": {""email"": ""207812348@qq.com"",""UID"": 556}}"
557,"{""data"": {""email"": ""207812348@qq.com"",""UID"": 557}}"
558,"{""data"": {""email"": ""207812348@qq.com"",""UID"": 558}}"
559,"{""data"": {""email"": ""207812348@qq.com"",""UID"": 559}}"
560,"{""data"": {""email"": ""207812348@qq.com"",""UID"": 560}}"
561,"{""data"": {""email"": ""207812348@qq.com"",""UID"": 561}}"
562,"{""data"": {""email"": ""207812348@qq.com"",""UID"": 562}}"
563,"{""data"": {""email"": ""207812348@qq.com"",""UID"": 563}}"
564,"{""data"": {""email"": ""207812348@qq.com"",""UID"": 564}}"
565,"{""data"": {""email"": ""207812348@qq.com"",""UID"": 565}}"
566,"{""data"": {""email"": ""207812348@qq.com"",""UID"": 566}}"
567,"{""data"": {""email"": ""207812348@qq.com"",""UID"": 567}}"
568,"{""data"": {""email"": ""207812348@qq.com"",""UID"": 568}}"
569,"{""data"": {""email"": ""207812348@qq.com"",""UID"": 569}}"
570,"{""data"": {""email"": ""207812348@qq.com"",""UID"": 570}}"
571,"{""data"": {""email"": ""207812348@qq.com"",""UID"": 571}}"
572,"{""data"": {""email"": ""207812348@qq.com"",""UID"": 572}}"
573,"{""data"": {""email"": ""207812348@qq.com"",""UID"": 573}}"
574,"{""data"": {""email"": ""207812348@qq.com"",""UID"": 574}}"
575,"{""data"": {""email"": ""207812348@qq.com"",""UID"": 575}}"
576,"{""data"": {""email"": ""207812348@qq.com"",""UID"": 576}}"
577,"{""data"": {""email"": ""207812348@qq.com"",""UID"": 577}}"
578,"{""data"": {""email"": ""207812348@qq.com"",""UID"": 578}}"
579,"{""data"": {""email"": ""207812348@qq.com"",""UID"": 579}}"
580,"{""data"": {""email"": ""207812348@qq.com"",""UID"": 580}}"
581,"{""data"": {""email"": ""207812348@qq.com"",""UID"": 581}}"
582,"{""data"": {""email"": ""207812348@qq.com"",""UID"": 582}}"
583,"{""data"": {""email"": ""207812348@qq.com"",""UID"": 583}}"
584,"{""data"": {""email"": ""207812348@qq.com"",""UID"": 584}}"
585,"{""data"": {""email"": ""207812348@qq.com"",""UID"": 585}}"
586,"{""data"": {""email"": ""207812348@qq.com"",""UID"": 586}}"
587,"{""data"": {""email"": ""207812348@qq.com"",""UID"": 587}}"
588,"{""data"": {""email"": ""207812348@qq.com"",""UID"": 588}}"
589,"{""data"": {""email"": ""207812348@qq.com"",""UID"": 589}}"
590,"{""data"": {""email"": ""207812348@qq.com"",""UID"": 590}}"
591,"{""data"": {""email"": ""207812348@qq.com"",""UID"": 591}}"
592,"{""data"": {""email"": ""207812348@qq.com"",""UID"": 592}}"
593,"{""data"": {""email"": ""207812348@qq.com"",""UID"": 593}}"
594,"{""data"": {""email"": ""207812348@qq.com"",""UID"": 594}}"
595,"{""data"": {""email"": ""207812348@qq.com"",""UID"": 595}}"
596,"{""data"": {""email"": ""207812348@qq.com"",""UID"": 596}}"
597,"{""data"": {""email"": ""207812348@qq.com"",""UID"": 597}}"
598,"{""data"": {""email"": ""207812348@qq.com"",""UID"": 598}}"
599,"{""data"": {""email"": ""207812348@qq.com"",""UID"": 599}}"
600,"{""data"": {""email"": ""207812348@qq.com"",""UID"": 600}}"
601,"{""data"": {""email"": ""207812348@qq.com"",""UID"": 601}}"
602,"{""data"": {""email"": ""207812348@qq.com"",""UID"": 602}}"
603,"{""data"": {""email"": ""207812348@qq.com"",""UID"": 603}}"
604,"{""data"": {""email"": ""207812348@qq.com"",""UID"": 604}}"
605,"{""data"": {""email"": ""207812348@qq.com"",""UID"": 605}}"
606,"{""data"": {""email"": ""207812348@qq.com"",""UID"": 606}}"
607,"{""data"": {""email"": ""207812348@qq.com"",""UID"": 607}}"
608,"{""data"": {""email"": ""207812348@qq.com"",""UID"": 608}}"
609,"{""data"": {""email"": ""207812348@qq.com"",""UID"": 609}}"
610,"{""data"": {""email"": ""207812348@qq.com"",""UID"": 610}}"
611,"{""data"": {""email"": ""207812348@qq.com"",""UID"": 611}}"
612,"{""data"": {""email"": ""207812348@qq.com"",""UID"": 612}}"
613,"{""data"": {""email"": ""207812348@qq.com"",""UID"": 613}}"
614,"{""data"": {""email"": ""207812348@qq.com"",""UID"": 614}}"
615,"{""data"": {""email"": ""207812348@qq.com"",""UID"": 615}}"
616,"{""data"": {""email"": ""207812348@qq.com"",""UID"": 616}}"
617,"{""data"": {""email"": ""207812348@qq.com"",""UID"": 617}}"
618,"{""data"": {""email"": ""207812348@qq.com"",""UID"": 618}}"
619,"{""data"": {""email"": ""207812348@qq.com"",""UID"": 619}}"
620,"{""data"": {""email"": ""207812348@qq.com"",""UID"": 620}}"
621,"{""data"": {""email"": ""207812348@qq.com"",""UID"": 621}}"
622,"{""data"": {""email"": ""207812348@qq.com"",""UID"": 622}}"
623,"{""data"": {""email"": ""207812348@qq.com"",""UID"": 623}}"
624,"{""data"": {""email"": ""207812348@qq.com"",""UID"": 624}}"
625,"{""data"": {""email"": ""207812348@qq.com"",""UID"": 625}}"
626,"{""data"": {""email"": ""207812348@qq.com"",""UID"": 626}}"
627,"{""data"": {""email"": ""207812348@qq.com"",""UID"": 627}}"
628,"{""data"": {""email"": ""207812348@qq.com"",""UID"": 628}}"
629,"{""data"": {""email"": ""207812348@qq.com"",""UID"": 629}}"
630,"{""data"": {""email"": ""207812348@qq.com"",""UID"": 630}}"
631,"{""data"": {""email"": ""207812348@qq.com"",""UID"": 631}}"
632,"{""data"": {""email"": ""207812348@qq.com"",""UID"": 632}}"
633,"{""data"": {""email"": ""207812348@qq.com"",""UID"": 633}}"
634,"{""data"": {""email"": ""207812348@qq.com"",""UID"": 634}}"
635,"{""data"": {""email"": ""207812348@qq.com"",""UID"": 635}}"
636,"{""data"": {""email"": ""207812348@qq.com"",""UID"": 636}}"
637,"{""data"": {""email"": ""207812348@qq.com"",""UID"": 637}}"
638,"{""data"": {""email"": ""207812348@qq.com"",""UID"": 638}}"
639,"{""data"": {""email"": ""207812348@qq.com"",""UID"": 639}}"
640,"{""data"": {""email"": ""207812348@qq.com"",""UID"": 640}}"
641,"{""data"": {""email"": ""207812348@qq.com"",""UID"": 641}}"
642,"{""data"": {""email"": ""207812348@qq.com"",""UID"": 642}}"
643,"{""data"": {""email"": ""207812348@qq.com"",""UID"": 643}}"
644,"{""data"": {""email"": ""207812348@qq.com"",""UID"": 644}}"
645,"{""data"": {""email"": ""207812348@qq.com"",""UID"": 645}}"
646,"{""data"": {""email"": ""207812348@qq.com"",""UID"": 646}}"
647,"{""data"": {""email"": ""207812348@qq.com"",""UID"": 647}}"
648,"{""data"": {""email"": ""207812348@qq.com"",""UID"": 648}}"
649,"{""data"": {""email"": ""207812348@qq.com"",""UID"": 649}}"
650,"{""data"": {""email"": ""207812348@qq.com"",""UID"": 650}}"
651,"{""data"": {""email"": ""207812348@qq.com"",""UID"": 651}}"
652,"{""data"": {""email"": ""207812348@qq.com"",""UID"": 652}}"
653,"{""data"": {""email"": ""207812348@qq.com"",""UID"": 653}}"
654,"{""data"": {""email"": ""207812348@qq.com"",""UID"": 654}}"
655,"{""data"": {""email"": ""207812348@qq.com"",""UID"": 655}}"
656,"{""data"": {""email"": ""207812348@qq.com"",""UID"": 656}}"
657,"{""data"": {""email"": ""207812348@qq.com"",""UID"": 657}}"
658,"{""data"": {""email"": ""207812348@qq.com"",""UID"": 658}}"
659,"{""data"": {""email"": ""207812348@qq.com"",""UID"": 659}}"
660,"{""data"": {""email"": ""207812348@qq.com"",""UID"": 660}}"
661,"{""data"": {""email"": ""207812348@qq.com"",""UID"": 661}}"
662,"{""data"": {""email"": ""207812348@qq.com"",""UID"": 662}}"
663,"{""data"": {""email"": ""207812348@qq.com"",""UID"": 663}}"
664,"{""data"": {""email"": ""207812348@qq.com"",""UID"": 664}}"
665,"{""data"": {""email"": ""207812348@qq.com"",""UID"": 665}}"
666,"{""data"": {""email"": ""207812348@qq.com"",""UID"": 666}}"
667,"{""data"": {""email"": ""207812348@qq.com"",""UID"": 667}}"
668,"{""data"": {""email"": ""207812348@qq.com"",""UID"": 668}}"
669,"{""data"": {""email"": ""207812348@qq.com"",""UID"": 669}}"
670,"{""data"": {""email"": ""207812348@qq.com"",""UID"": 670}}"
671,"{""data"": {""email"": ""207812348@qq.com"",""UID"": 671}}"
672,"{""data"": {""email"": ""207812348@qq.com"",""UID"": 672}}"
673,"{""data"": {""email"": ""207812348@qq.com"",""UID"": 673}}"
674,"{""data"": {""email"": ""207812348@qq.com"",""UID"": 674}}"
675,"{""data"": {""email"": ""207812348@qq.com"",""UID"": 675}}"
676,"{""data"": {""email"": ""207812348@qq.com"",""UID"": 676}}"
677,"{""data"": {""email"": ""207812348@qq.com"",""UID"": 677}}"
678,"{""data"": {""email"": ""207812348@qq.com"",""UID"": 678}}"
679,"{""data"": {""email"": ""207812348@qq.com"",""UID"": 679}}"
680,"{""data"": {""email"": ""207812348@qq.com"",""UID"": 680}}"
681,"{""data"": {""email"": ""207812348@qq.com"",""UID"": 681}}"
682,"{""data"": {""email"": ""207812348@qq.com"",""UID"": 682}}"
683,"{""data"": {""email"": ""207812348@qq.com"",""UID"": 683}}"
684,"{""data"": {""email"": ""207812348@qq.com"",""UID"": 684}}"
685,"{""data"": {""email"": ""207812348@qq.com"",""UID"": 685}}"
686,"{""data"": {""email"": ""207812348@qq.com"",""UID"": 686}}"
687,"{""data"": {""email"": ""207812348@qq.com"",""UID"": 687}}"
688,"{""data"": {""email"": ""207812348@qq.com"",""UID"": 688}}"
689,"{""data"": {""email"": ""207812348@qq.com"",""UID"": 689}}"
690,"{""data"": {""email"": ""207812348@qq.com"",""UID"": 690}}"
691,"{""data"": {""email"": ""207812348@qq.com"",""UID"": 691}}"
692,"{""data"": {""email"": ""207812348@qq.com"",""UID"": 692}}"
693,"{""data"": {""email"": ""207812348@qq.com"",""UID"": 693}}"
694,"{""data"": {""email"": ""207812348@qq.com"",""UID"": 694}}"
695,"{""data"": {""email"": ""207812348@qq.com"",""UID"": 695}}"
696,"{""data"": {""email"": ""207812348@qq.com"",""UID"": 696}}"
697,"{""data"": {""email"": ""207812348@qq.com"",""UID"": 697}}"
698,"{""data"": {""email"": ""207812348@qq.com"",""UID"": 698}}"
699,"{""data"": {""email"": ""207812348@qq.com"",""UID"": 699}}"
700,"{""data"": {""email"": ""207812348@qq.com"",""UID"": 700}}"
701,"{""data"": {""email"": ""207812348@qq.com"",""UID"": 701}}"
702,"{""data"": {""email"": ""207812348@qq.com"",""UID"": 702}}"
703,"{""data"": {""email"": ""207812348@qq.com"",""UID"": 703}}"
704,"{""data"": {""email"": ""207812348@qq.com"",""UID"": 704}}"
705,"{""data"": {""email"": ""207812348@qq.com"",""UID"": 705}}"
706,"{""data"": {""email"": ""207812348@qq.com"",""UID"": 706}}"
707,"{""data"": {""email"": ""207812348@qq.com"",""UID"": 707}}"
708,"{""data"": {""email"": ""207812348@qq.com"",""UID"": 708}}"
709,"{""data"": {""email"": ""207812348@qq.com"",""UID"": 709}}"
710,"{""data"": {""email"": ""207812348@qq.com"",""UID"": 710}}"
711,"{""data"": {""email"": ""207812348@qq.com"",""UID"": 711}}"
712,"{""data"": {""email"": ""207812348@qq.com"",""UID"": 712}}"
713,"{""data"": {""email"": ""207812348@qq.com"",""UID"": 713}}"
714,"{""data"": {""email"": ""207812348@qq.com"",""UID"": 714}}"
715,"{""data"": {""email"": ""207812348@qq.com"",""UID"": 715}}"
716,"{""data"": {""email"": ""207812348@qq.com"",""UID"": 716}}"
717,"{""data"": {""email"": ""207812348@qq.com"",""UID"": 717}}"
718,"{""data"": {""email"": ""207812348@qq.com"",""UID"": 718}}"
719,"{""data"": {""email"": ""207812348@qq.com"",""UID"": 719}}"
720,"{""data"": {""email"": ""207812348@qq.com"",""UID"": 720}}"
721,"{""data"": {""email"": ""207812348@qq.com"",""UID"": 721}}"
722,"{""data"": {""email"": ""207812348@qq.com"",""UID"": 722}}"
723,"{""data"": {""email"": ""207812348@qq.com"",""UID"": 723}}"
724,"{""data"": {""email"": ""207812348@qq.com"",""UID"": 724}}"
725,"{""data"": {""email"": ""207812348@qq.com"",""UID"": 725}}"
726,"{""data"": {""email"": ""207812348@qq.com"",""UID"": 726}}"
727,"{""data"": {""email"": ""207812348@qq.com"",""UID"": 727}}"
728,"{""data"": {""email"": ""207812348@qq.com"",""UID"": 728}}"
729,"{""data"": {""email"": ""207812348@qq.com"",""UID"": 729}}"
730,"{""data"": {""email"": ""207812348@qq.com"",""UID"": 730}}"
731,"{""data"": {""email"": ""207812348@qq.com"",""UID"": 731}}"
732,"{""data"": {""email"": ""207812348@qq.com"",""UID"": 732}}"
733,"{""data"": {""email"": ""207812348@qq.com"",""UID"": 733}}"
734,"{""data"": {""email"": ""207812348@qq.com"",""UID"": 734}}"
735,"{""data"": {""email"": ""207812348@qq.com"",""UID"": 735}}"
736,"{""data"": {""email"": ""207812348@qq.com"",""UID"": 736}}"
737,"{""data"": {""email"": ""207812348@qq.com"",""UID"": 737}}"
738,"{""data"": {""email"": ""207812348@qq.com"",""UID"": 738}}"
739,"{""data"": {""email"": ""207812348@qq.com"",""UID"": 739}}"
740,"{""data"": {""email"": ""207812348@qq.com"",""UID"": 740}}"
741,"{""data"": {""email"": ""207812348@qq.com"",""UID"": 741}}"
742,"{""data"": {""email"": ""207812348@qq.com"",""UID"": 742}}"
743,"{""data"": {""email"": ""207812348@qq.com"",""UID"": 743}}"
744,"{""data"": {""email"": ""207812348@qq.com"",""UID"": 744}}"
745,"{""data"": {""email"": ""207812348@qq.com"",""UID"": 745}}"
746,"{""data"": {""email"": ""207812348@qq.com"",""UID"": 746}}"
747,"{""data"": {""email"": ""207812348@qq.com"",""UID"": 747}}"
748,"{""data"": {""email"": ""207812348@qq.com"",""UID"": 748}}"
749,"{""data"": {""email"": ""207812348@qq.com"",""UID"": 749}}"
750,"{""data"": {""email"": ""207812348@qq.com"",""UID"": 750}}"
751,"{""data"": {""email"": ""207812348@qq.com"",""UID"": 751}}"
752,"{""data"": {""email"": ""207812348@qq.com"",""UID"": 752}}"
753,"{""data"": {""email"": ""207812348@qq.com"",""UID"": 753}}"
754,"{""data"": {""email"": ""207812348@qq.com"",""UID"": 754}}"
755,"{""data"": {""email"": ""207812348@qq.com"",""UID"": 755}}"
756,"{""data"": {""email"": ""207812348@qq.com"",""UID"": 756}}"
757,"{""data"": {""email"": ""207812348@qq.com"",""UID"": 757}}"
758,"{""data"": {""email"": ""207812348@qq.com"",""UID"": 758}}"
759,"{""data"": {""email"": ""207812348@qq.com"",""UID"": 759}}"
760,"{""data"": {""email"": ""207812348@qq.com"",""UID"": 760}}"
761,"{""data"": {""email"": ""207812348@qq.com"",""UID"": 761}}"
762,"{""data"": {""email"": ""207812348@qq.com"",""UID"": 762}}"
763,"{""data"": {""email"": ""207812348@qq.com"",""UID"": 763}}"
764,"{""data"": {""email"": ""207812348@qq.com"",""UID"": 764}}"
765,"{""data"": {""email"": ""207812348@qq.com"",""UID"": 765}}"
766,"{""data"": {""email"": ""207812348@qq.com"",""UID"": 766}}"
767,"{""data"": {""email"": ""207812348@qq.com"",""UID"": 767}}"
768,"{""data"": {""email"": ""207812348@qq.com"",""UID"": 768}}"
769,"{""data"": {""email"": ""207812348@qq.com"",""UID"": 769}}"
770,"{""data"": {""email"": ""207812348@qq.com"",""UID"": 770}}"
771,"{""data"": {""email"": ""207812348@qq.com"",""UID"": 771}}"
772,"{""data"": {""email"": ""207812348@qq.com"",""UID"": 772}}"
773,"{""data"": {""email"": ""207812348@qq.com"",""UID"": 773}}"
774,"{""data"": {""email"": ""207812348@qq.com"",""UID"": 774}}"
775,"{""data"": {""email"": ""207812348@qq.com"",""UID"": 775}}"
776,"{""data"": {""email"": ""207812348@qq.com"",""UID"": 776}}"
777,"{""data"": {""email"": ""207812348@qq.com"",""UID"": 777}}"
778,"{""data"": {""email"": ""207812348@qq.com"",""UID"": 778}}"
779,"{""data"": {""email"": ""207812348@qq.com"",""UID"": 779}}"
780,"{""data"": {""email"": ""207812348@qq.com"",""UID"": 780}}"
781,"{""data"": {""email"": ""207812348@qq.com"",""UID"": 781}}"
782,"{""data"": {""email"": ""207812348@qq.com"",""UID"": 782}}"
783,"{""data"": {""email"": ""207812348@qq.com"",""UID"": 783}}"
784,"{""data"": {""email"": ""207812348@qq.com"",""UID"": 784}}"
785,"{""data"": {""email"": ""207812348@qq.com"",""UID"": 785}}"
786,"{""data"": {""email"": ""207812348@qq.com"",""UID"": 786}}"
787,"{""data"": {""email"": ""207812348@qq.com"",""UID"": 787}}"
788,"{""data"": {""email"": ""207812348@qq.com"",""UID"": 788}}"
789,"{""data"": {""email"": ""207812348@qq.com"",""UID"": 789}}"
790,"{""data"": {""email"": ""207812348@qq.com"",""UID"": 790}}"
791,"{""data"": {""email"": ""207812348@qq.com"",""UID"": 791}}"
792,"{""data"": {""email"": ""207812348@qq.com"",""UID"": 792}}"
793,"{""data"": {""email"": ""207812348@qq.com"",""UID"": 793}}"
794,"{""data"": {""email"": ""207812348@qq.com"",""UID"": 794}}"
795,"{""data"": {""email"": ""207812348@qq.com"",""UID"": 795}}"
796,"{""data"": {""email"": ""207812348@qq.com"",""UID"": 796}}"
797,"{""data"": {""email"": ""207812348@qq.com"",""UID"": 797}}"
798,"{""data"": {""email"": ""207812348@qq.com"",""UID"": 798}}"
799,"{""data"": {""email"": ""207812348@qq.com"",""UID"": 799}}"
800,"{""data"": {""email"": ""207812348@qq.com"",""UID"": 800}}"
801,"{""data"": {""email"": ""207812348@qq.com"",""UID"": 801}}"
802,"{""data"": {""email"": ""207812348@qq.com"",""UID"": 802}}"
803,"{""data"": {""email"": ""207812348@qq.com"",""UID"": 803}}"
804,"{""data"": {""email"": ""207812348@qq.com"",""UID"": 804}}"
805,"{""data"": {""email"": ""207812348@qq.com"",""UID"": 805}}"
806,"{""data"": {""email"": ""207812348@qq.com"",""UID"": 806}}"
807,"{""data"": {""email"": ""207812348@qq.com"",""UID"": 807}}"
808,"{""data"": {""email"": ""207812348@qq.com"",""UID"": 808}}"
809,"{""data"": {""email"": ""207812348@qq.com"",""UID"": 809}}"
810,"{""data"": {""email"": ""207812348@qq.com"",""UID"": 810}}"
811,"{""data"": {""email"": ""207812348@qq.com"",""UID"": 811}}"
812,"{""data"": {""email"": ""207812348@qq.com"",""UID"": 812}}"
813,"{""data"": {""email"": ""207812348@qq.com"",""UID"": 813}}"
814,"{""data"": {""email"": ""207812348@qq.com"",""UID"": 814}}"
815,"{""data"": {""email"": ""207812348@qq.com"",""UID"": 815}}"
816,"{""data"": {""email"": ""207812348@qq.com"",""UID"": 816}}"
817,"{""data"": {""email"": ""207812348@qq.com"",""UID"": 817}}"
818,"{""data"": {""email"": ""207812348@qq.com"",""UID"": 818}}"
819,"{""data"": {""email"": ""207812348@qq.com"",""UID"": 819}}"
820,"{""data"": {""email"": ""207812348@qq.com"",""UID"": 820}}"
821,"{""data"": {""email"": ""207812348@qq.com"",""UID"": 821}}"
822,"{""data"": {""email"": ""207812348@qq.com"",""UID"": 822}}"
823,"{""data"": {""email"": ""207812348@qq.com"",""UID"": 823}}"
824,"{""data"": {""email"": ""207812348@qq.com"",""UID"": 824}}"
825,"{""data"": {""email"": ""207812348@qq.com"",""UID"": 825}}"
826,"{""data"": {""email"": ""207812348@qq.com"",""UID"": 826}}"
827,"{""data"": {""email"": ""207812348@qq.com"",""UID"": 827}}"
828,"{""data"": {""email"": ""207812348@qq.com"",""UID"": 828}}"
829,"{""data"": {""email"": ""207812348@qq.com"",""UID"": 829}}"
830,"{""data"": {""email"": ""207812348@qq.com"",""UID"": 830}}"
831,"{""data"": {""email"": ""207812348@qq.com"",""UID"": 831}}"
832,"{""data"": {""email"": ""207812348@qq.com"",""UID"": 832}}"
833,"{""data"": {""email"": ""207812348@qq.com"",""UID"": 833}}"
834,"{""data"": {""email"": ""207812348@qq.com"",""UID"": 834}}"
835,"{""data"": {""email"": ""207812348@qq.com"",""UID"": 835}}"
836,"{""data"": {""email"": ""207812348@qq.com"",""UID"": 836}}"
837,"{""data"": {""email"": ""207812348@qq.com"",""UID"": 837}}"
838,"{""data"": {""email"": ""207812348@qq.com"",""UID"": 838}}"
839,"{""data"": {""email"": ""207812348@qq.com"",""UID"": 839}}"
840,"{""data"": {""email"": ""207812348@qq.com"",""UID"": 840}}"
841,"{""data"": {""email"": ""207812348@qq.com"",""UID"": 841}}"
842,"{""data"": {""email"": ""207812348@qq.com"",""UID"": 842}}"
843,"{""data"": {""email"": ""207812348@qq.com"",""UID"": 843}}"
844,"{""data"": {""email"": ""207812348@qq.com"",""UID"": 844}}"
845,"{""data"": {""email"": ""207812348@qq.com"",""UID"": 845}}"
846,"{""data"": {""email"": ""207812348@qq.com"",""UID"": 846}}"
847,"{""data"": {""email"": ""207812348@qq.com"",""UID"": 847}}"
848,"{""data"": {""email"": ""207812348@qq.com"",""UID"": 848}}"
849,"{""data"": {""email"": ""207812348@qq.com"",""UID"": 849}}"
850,"{""data"": {""email"": ""207812348@qq.com"",""UID"": 850}}"
851,"{""data"": {""email"": ""207812348@qq.com"",""UID"": 851}}"
852,"{""data"": {""email"": ""207812348@qq.com"",""UID"": 852}}"
853,"{""data"": {""email"": ""207812348@qq.com"",""UID"": 853}}"
854,"{""data"": {""email"": ""207812348@qq.com"",""UID"": 854}}"
855,"{""data"": {""email"": ""207812348@qq.com"",""UID"": 855}}"
856,"{""data"": {""email"": ""207812348@qq.com"",""UID"": 856}}"
857,"{""data"": {""email"": ""207812348@qq.com"",""UID"": 857}}"
858,"{""data"": {""email"": ""207812348@qq.com"",""UID"": 858}}"
859,"{""data"": {""email"": ""207812348@qq.com"",""UID"": 859}}"
860,"{""data"": {""email"": ""207812348@qq.com"",""UID"": 860}}"
861,"{""data"": {""email"": ""207812348@qq.com"",""UID"": 861}}"
862,"{""data"": {""email"": ""207812348@qq.com"",""UID"": 862}}"
863,"{""data"": {""email"": ""207812348@qq.com"",""UID"": 863}}"
864,"{""data"": {""email"": ""207812348@qq.com"",""UID"": 864}}"
865,"{""data"": {""email"": ""207812348@qq.com"",""UID"": 865}}"
866,"{""data"": {""email"": ""207812348@qq.com"",""UID"": 866}}"
867,"{""data"": {""email"": ""207812348@qq.com"",""UID"": 867}}"
868,"{""data"": {""email"": ""207812348@qq.com"",""UID"": 868}}"
869,"{""data"": {""email"": ""207812348@qq.com"",""UID"": 869}}"
870,"{""data"": {""email"": ""207812348@qq.com"",""UID"": 870}}"
871,"{""data"": {""email"": ""207812348@qq.com"",""UID"": 871}}"
872,"{""data"": {""email"": ""207812348@qq.com"",""UID"": 872}}"
873,"{""data"": {""email"": ""207812348@qq.com"",""UID"": 873}}"
874,"{""data"": {""email"": ""207812348@qq.com"",""UID"": 874}}"
875,"{""data"": {""email"": ""207812348@qq.com"",""UID"": 875}}"
876,"{""data"": {""email"": ""207812348@qq.com"",""UID"": 876}}"
877,"{""data"": {""email"": ""207812348@qq.com"",""UID"": 877}}"
878,"{""data"": {""email"": ""207812348@qq.com"",""UID"": 878}}"
879,"{""data"": {""email"": ""207812348@qq.com"",""UID"": 879}}"
880,"{""data"": {""email"": ""207812348@qq.com"",""UID"": 880}}"
881,"{""data"": {""email"": ""207812348@qq.com"",""UID"": 881}}"
882,"{""data"": {""email"": ""207812348@qq.com"",""UID"": 882}}"
883,"{""data"": {""email"": ""207812348@qq.com"",""UID"": 883}}"
884,"{""data"": {""email"": ""207812348@qq.com"",""UID"": 884}}"
885,"{""data"": {""email"": ""207812348@qq.com"",""UID"": 885}}"
886,"{""data"": {""email"": ""207812348@qq.com"",""UID"": 886}}"
887,"{""data"": {""email"": ""207812348@qq.com"",""UID"": 887}}"
888,"{""data"": {""email"": ""207812348@qq.com"",""UID"": 888}}"
889,"{""data"": {""email"": ""207812348@qq.com"",""UID"": 889}}"
890,"{""data"": {""email"": ""207812348@qq.com"",""UID"": 890}}"
891,"{""data"": {""email"": ""207812348@qq.com"",""UID"": 891}}"
892,"{""data"": {""email"": ""207812348@qq.com"",""UID"": 892}}"
893,"{""data"": {""email"": ""207812348@qq.com"",""UID"": 893}}"
894,"{""data"": {""email"": ""207812348@qq.com"",""UID"": 894}}"
895,"{""data"": {""email"": ""207812348@qq.com"",""UID"": 895}}"
896,"{""data"": {""email"": ""207812348@qq.com"",""UID"": 896}}"
897,"{""data"": {""email"": ""207812348@qq.com"",""UID"": 897}}"
898,"{""data"": {""email"": ""207812348@qq.com"",""UID"": 898}}"
899,"{""data"": {""email"": ""207812348@qq.com"",""UID"": 899}}"
900,"{""data"": {""email"": ""207812348@qq.com"",""UID"": 900}}"
901,"{""data"": {""email"": ""207812348@qq.com"",""UID"": 901}}"
902,"{""data"": {""email"": ""207812348@qq.com"",""UID"": 902}}"
903,"{""data"": {""email"": ""207812348@qq.com"",""UID"": 903}}"
904,"{""data"": {""email"": ""207812348@qq.com"",""UID"": 904}}"
905,"{""data"": {""email"": ""207812348@qq.com"",""UID"": 905}}"
906,"{""data"": {""email"": ""207812348@qq.com"",""UID"": 906}}"
907,"{""data"": {""email"": ""207812348@qq.com"",""UID"": 907}}"
908,"{""data"": {""email"": ""207812348@qq.com"",""UID"": 908}}"
909,"{""data"": {""email"": ""207812348@qq.com"",""UID"": 909}}"
910,"{""data"": {""email"": ""207812348@qq.com"",""UID"": 910}}"
911,"{""data"": {""email"": ""207812348@qq.com"",""UID"": 911}}"
912,"{""data"": {""email"": ""207812348@qq.com"",""UID"": 912}}"
913,"{""data"": {""email"": ""207812348@qq.com"",""UID"": 913}}"
914,"{""data"": {""email"": ""207812348@qq.com"",""UID"": 914}}"
915,"{""data"": {""email"": ""207812348@qq.com"",""UID"": 915}}"
916,"{""data"": {""email"": ""207812348@qq.com"",""UID"": 916}}"
917,"{""data"": {""email"": ""207812348@qq.com"",""UID"": 917}}"
918,"{""data"": {""email"": ""207812348@qq.com"",""UID"": 918}}"
919,"{""data"": {""email"": ""207812348@qq.com"",""UID"": 919}}"
920,"{""data"": {""email"": ""207812348@qq.com"",""UID"": 920}}"
921,"{""data"": {""email"": ""207812348@qq.com"",""UID"": 921}}"
922,"{""data"": {""email"": ""207812348@qq.com"",""UID"": 922}}"
923,"{""data"": {""email"": ""207812348@qq.com"",""UID"": 923}}"
924,"{""data"": {""email"": ""207812348@qq.com"",""UID"": 924}}"
925,"{""data"": {""email"": ""207812348@qq.com"",""UID"": 925}}"
926,"{""data"": {""email"": ""207812348@qq.com"",""UID"": 926}}"
927,"{""data"": {""email"": ""207812348@qq.com"",""UID"": 927}}"
928,"{""data"": {""email"": ""207812348@qq.com"",""UID"": 928}}"
929,"{""data"": {""email"": ""207812348@qq.com"",""UID"": 929}}"
930,"{""data"": {""email"": ""207812348@qq.com"",""UID"": 930}}"
931,"{""data"": {""email"": ""207812348@qq.com"",""UID"": 931}}"
932,"{""data"": {""email"": ""207812348@qq.com"",""UID"": 932}}"
933,"{""data"": {""email"": ""207812348@qq.com"",""UID"": 933}}"
934,"{""data"": {""email"": ""207812348@qq.com"",""UID"": 934}}"
935,"{""data"": {""email"": ""207812348@qq.com"",""UID"": 935}}"
936,"{""data"": {""email"": ""207812348@qq.com"",""UID"": 936}}"
937,"{""data"": {""email"": ""207812348@qq.com"",""UID"": 937}}"
938,"{""data"": {""email"": ""207812348@qq.com"",""UID"": 938}}"
939,"{""data"": {""email"": ""207812348@qq.com"",""UID"": 939}}"
940,"{""data"": {""email"": ""207812348@qq.com"",""UID"": 940}}"
941,"{""data"": {""email"": ""207812348@qq.com"",""UID"": 941}}"
942,"{""data"": {""email"": ""207812348@qq.com"",""UID"": 942}}"
943,"{""data"": {""email"": ""207812348@qq.com"",""UID"": 943}}"
944,"{""data"": {""email"": ""207812348@qq.com"",""UID"": 944}}"
945,"{""data"": {""email"": ""207812348@qq.com"",""UID"": 945}}"
946,"{""data"": {""email"": ""207812348@qq.com"",""UID"": 946}}"
947,"{""data"": {""email"": ""207812348@qq.com"",""UID"": 947}}"
948,"{""data"": {""email"": ""207812348@qq.com"",""UID"": 948}}"
949,"{""data"": {""email"": ""207812348@qq.com"",""UID"": 949}}"
950,"{""data"": {""email"": ""207812348@qq.com"",""UID"": 950}}"
951,"{""data"": {""email"": ""207812348@qq.com"",""UID"": 951}}"
952,"{""data"": {""email"": ""207812348@qq.com"",""UID"": 952}}"
953,"{""data"": {""email"": ""207812348@qq.com"",""UID"": 953}}"
954,"{""data"": {""email"": ""207812348@qq.com"",""UID"": 954}}"
955,"{""data"": {""email"": ""207812348@qq.com"",""UID"": 955}}"
956,"{""data"": {""email"": ""207812348@qq.com"",""UID"": 956}}"
957,"{""data"": {""email"": ""207812348@qq.com"",""UID"": 957}}"
958,"{""data"": {""email"": ""207812348@qq.com"",""UID"": 958}}"
959,"{""data"": {""email"": ""207812348@qq.com"",""UID"": 959}}"
960,"{""data"": {""email"": ""207812348@qq.com"",""UID"": 960}}"
961,"{""data"": {""email"": ""207812348@qq.com"",""UID"": 961}}"
962,"{""data"": {""email"": ""207812348@qq.com"",""UID"": 962}}"
963,"{""data"": {""email"": ""207812348@qq.com"",""UID"": 963}}"
964,"{""data"": {""email"": ""207812348@qq.com"",""UID"": 964}}"
965,"{""data"": {""email"": ""207812348@qq.com"",""UID"": 965}}"
966,"{""data"": {""email"": ""207812348@qq.com"",""UID"": 966}}"
967,"{""data"": {""email"": ""207812348@qq.com"",""UID"": 967}}"
968,"{""data"": {""email"": ""207812348@qq.com"",""UID"": 968}}"
969,"{""data"": {""email"": ""207812348@qq.com"",""UID"": 969}}"
970,"{""data"": {""email"": ""207812348@qq.com"",""UID"": 970}}"
971,"{""data"": {""email"": ""207812348@qq.com"",""UID"": 971}}"
972,"{""data"": {""email"": ""207812348@qq.com"",""UID"": 972}}"
973,"{""data"": {""email"": ""207812348@qq.com"",""UID"": 973}}"
974,"{""data"": {""email"": ""207812348@qq.com"",""UID"": 974}}"
975,"{""data"": {""email"": ""207812348@qq.com"",""UID"": 975}}"
976,"{""data"": {""email"": ""207812348@qq.com"",""UID"": 976}}"
977,"{""data"": {""email"": ""207812348@qq.com"",""UID"": 977}}"
978,"{""data"": {""email"": ""207812348@qq.com"",""UID"": 978}}"
979,"{""data"": {""email"": ""207812348@qq.com"",""UID"": 979}}"
980,"{""data"": {""email"": ""207812348@qq.com"",""UID"": 980}}"
981,"{""data"": {""email"": ""207812348@qq.com"",""UID"": 981}}"
982,"{""data"": {""email"": ""207812348@qq.com"",""UID"": 982}}"
983,"{""data"": {""email"": ""207812348@qq.com"",""UID"": 983}}"
984,"{""data"": {""email"": ""207812348@qq.com"",""UID"": 984}}"
985,"{""data"": {""email"": ""207812348@qq.com"",""UID"": 985}}"
986,"{""data"": {""email"": ""207812348@qq.com"",""UID"": 986}}"
987,"{""data"": {""email"": ""207812348@qq.com"",""UID"": 987}}"
988,"{""data"": {""email"": ""207812348@qq.com"",""UID"": 988}}"
989,"{""data"": {""email"": ""207812348@qq.com"",""UID"": 989}}"
990,"{""data"": {""email"": ""207812348@qq.com"",""UID"": 990}}"
991,"{""data"": {""email"": ""207812348@qq.com"",""UID"": 991}}"
992,"{""data"": {""email"": ""207812348@qq.com"",""UID"": 992}}"
993,"{""data"": {""email"": ""207812348@qq.com"",""UID"": 993}}"
994,"{""data"": {""email"": ""207812348@qq.com"",""UID"": 994}}"
995,"{""data"": {""email"": ""207812348@qq.com"",""UID"": 995}}"
996,"{""data"": {""email"": ""207812348@qq.com"",""UID"": 996}}"
997,"{""data"": {""email"": ""207812348@qq.com"",""UID"": 997}}"
998,"{""data"": {""email"": ""207812348@qq.com"",""UID"": 998}}"
999,"{""data"": {""email"": ""207812348@qq.com"",""UID"": 999}}"
1000,"{""data"": {""email"": ""207812348@qq.com"",""UID"": 1000}}"
